1,2,1193,-1,1,Aggregated_Profile1.csv,"457,757","0,0001"
1,2,1193,-1,2,Aggregated_Profile9.csv,"537,388","0,0001"
1,2,1193,-1,3,Aggregated_Profile17.csv,"466,779","0,0001"
1,2,1198,-1,1,Aggregated_Profile2.csv,"275,677","0,0001"
1,2,1198,-1,2,Aggregated_Profile10.csv,"291,196","0,0001"
1,2,1198,-1,3,Aggregated_Profile18.csv,"301,28","0,0001"
1,2,1203,-1,1,Aggregated_Profile3.csv,"812,866","0,0001"
1,2,1203,-1,2,Aggregated_Profile11.csv,"730,003","0,0001"
1,2,1203,-1,3,Aggregated_Profile19.csv,"732,046","0,0001"
1,2,1210,-1,1,Aggregated_Profile4.csv,"907,061","0,0001"
1,2,1210,-1,2,Aggregated_Profile12.csv,"899,178","0,0001"
1,2,1210,-1,3,Aggregated_Profile20.csv,"897,367","0,0001"
1,2,1217,-1,1,Aggregated_Profile5.csv,"983,776","0,0001"
1,2,1217,-1,2,Aggregated_Profile13.csv,"939,49","0,0001"
1,2,1217,-1,3,Aggregated_Profile21.csv,"937,103","0,0001"
1,2,1224,-1,1,Aggregated_Profile6.csv,"1016,648","0,0001"
1,2,1224,-1,2,Aggregated_Profile14.csv,"979,874","0,0001"
1,2,1224,-1,3,Aggregated_Profile22.csv,"883,202","0,0001"
1,2,1231,-1,1,Aggregated_Profile7.csv,"146,042","0,0001"
1,2,1231,-1,2,Aggregated_Profile15.csv,"130,956","0,0001"
1,2,1231,-1,3,Aggregated_Profile23.csv,"149,152","0,0001"
1,2,1236,-1,1,Aggregated_Profile8.csv,"884,114","0,0001"
1,2,1236,-1,2,Aggregated_Profile16.csv,"943,664","0,0001"
1,2,1236,-1,3,Aggregated_Profile24.csv,"876,219","0,0001"
1,2,1001,-1,1,Load_Profile35.csv,"48,901","0,0001"
1,2,1001,-1,2,Load_Profile43.csv,"46,649","0,0001"
1,2,1001,-1,3,Load_Profile33.csv,"49,98","0,0001"
1,2,1002,-1,1,Load_Profile87.csv,"43,475","0,0001"
1,2,1002,-1,2,Load_Profile95.csv,"44,564","0,0001"
1,2,1002,-1,3,Load_Profile43.csv,"48,16","0,0001"
1,2,1003,-1,1,Load_Profile31.csv,"49,377","0,0001"
1,2,1003,-1,2,Load_Profile68.csv,"44,789","0,0001"
1,2,1003,-1,3,Load_Profile85.csv,"43,544","0,0001"
1,2,1005,-1,1,Load_Profile47.csv,"42,905","0,0001"
1,2,1005,-1,2,Load_Profile86.csv,"49,137","0,0001"
1,2,1005,-1,3,Load_Profile18.csv,"43,528","0,0001"
1,2,1006,-1,1,Load_Profile53.csv,"45,054","0,0001"
1,2,1006,-1,2,Load_Profile2.csv,"43,897","0,0001"
1,2,1006,-1,3,Load_Profile5.csv,"45,969","0,0001"
1,2,1007,-1,1,Load_Profile2.csv,"43,521","0,0001"
1,2,1007,-1,2,Load_Profile91.csv,"46,32","0,0001"
1,2,1007,-1,3,Load_Profile4.csv,"46,619","0,0001"
1,2,1008,-1,1,Load_Profile39.csv,"44,967","0,0001"
1,2,1008,-1,2,Load_Profile50.csv,"42,584","0,0001"
1,2,1008,-1,3,Load_Profile77.csv,"49,079","0,0001"
1,2,1010,-1,1,Load_Profile44.csv,"46,02","0,0001"
1,2,1010,-1,2,Load_Profile11.csv,"46,905","0,0001"
1,2,1010,-1,3,Load_Profile82.csv,"41,825","0,0001"
1,2,1011,-1,1,Load_Profile89.csv,"40,206","0,0001"
1,2,1011,-1,2,Load_Profile55.csv,"48,546","0,0001"
1,2,1011,-1,3,Load_Profile57.csv,"43,308","0,0001"
1,2,1012,-1,1,Load_Profile53.csv,"44,805","0,0001"
1,2,1012,-1,2,Load_Profile51.csv,"47,767","0,0001"
1,2,1012,-1,3,Load_Profile57.csv,"42,448","0,0001"
1,2,1013,-1,1,Load_Profile86.csv,"48,073","0,0001"
1,2,1013,-1,2,Load_Profile24.csv,"45,035","0,0001"
1,2,1013,-1,3,Load_Profile36.csv,"49,253","0,0001"
1,2,1015,-1,1,Load_Profile29.csv,"44,28","0,0001"
1,2,1015,-1,2,Load_Profile93.csv,"44,715","0,0001"
1,2,1015,-1,3,Load_Profile20.csv,"46,885","0,0001"
1,2,1016,-1,1,Load_Profile50.csv,"48,447","0,0001"
1,2,1016,-1,2,Load_Profile21.csv,"44,799","0,0001"
1,2,1016,-1,3,Load_Profile28.csv,"46,574","0,0001"
1,2,1017,-1,1,Load_Profile11.csv,"45,849","0,0001"
1,2,1017,-1,2,Load_Profile68.csv,"45,71","0,0001"
1,2,1017,-1,3,Load_Profile37.csv,"41,291","0,0001"
1,2,1018,-1,1,Load_Profile49.csv,"46,949","0,0001"
1,2,1018,-1,2,Load_Profile65.csv,"47,109","0,0001"
1,2,1018,-1,3,Load_Profile99.csv,"47,232","0,0001"
1,2,1019,-1,1,Load_Profile44.csv,"44,273","0,0001"
1,2,1019,-1,2,Load_Profile37.csv,"49,137","0,0001"
1,2,1019,-1,3,Load_Profile40.csv,"44,89","0,0001"
1,2,1020,-1,1,Load_Profile45.csv,"47,14","0,0001"
1,2,1020,-1,2,Load_Profile56.csv,"44,072","0,0001"
1,2,1020,-1,3,Load_Profile24.csv,"45,768","0,0001"
1,2,1021,-1,1,Load_Profile46.csv,"46,894","0,0001"
1,2,1021,-1,2,Load_Profile12.csv,"45,92","0,0001"
1,2,1021,-1,3,Load_Profile40.csv,"48,776","0,0001"
1,2,1022,-1,1,Load_Profile44.csv,"50,183","0,0001"
1,2,1022,-1,2,Load_Profile22.csv,"47,412","0,0001"
1,2,1022,-1,3,Load_Profile34.csv,"47,475","0,0001"
1,2,1023,-1,1,Load_Profile88.csv,"138,95","0,0001"
1,2,1023,-1,2,Load_Profile8.csv,"153,202","0,0001"
1,2,1023,-1,3,Load_Profile23.csv,"140,248","0,0001"
1,2,1024,-1,1,Load_Profile54.csv,"120,802","0,0001"
1,2,1024,-1,2,Load_Profile58.csv,"134,696","0,0001"
1,2,1024,-1,3,Load_Profile11.csv,"136,072","0,0001"
1,2,1025,-1,1,Load_Profile1.csv,"133,102","0,0001"
1,2,1025,-1,2,Load_Profile51.csv,"157,624","0,0001"
1,2,1025,-1,3,Load_Profile30.csv,"148,474","0,0001"
1,2,1026,-1,1,Load_Profile55.csv,"46,427","0,0001"
1,2,1026,-1,2,Load_Profile81.csv,"42,864","0,0001"
1,2,1026,-1,3,Load_Profile22.csv,"50,099","0,0001"
1,2,1031,-1,1,Load_Profile7.csv,"48,271","0,0001"
1,2,1031,-1,2,Load_Profile64.csv,"48,03","0,0001"
1,2,1031,-1,3,Load_Profile47.csv,"47,999","0,0001"
1,2,1032,-1,1,Load_Profile61.csv,"41,268","0,0001"
1,2,1032,-1,2,Load_Profile15.csv,"43,354","0,0001"
1,2,1032,-1,3,Load_Profile26.csv,"41,768","0,0001"
1,2,1037,-1,1,Load_Profile18.csv,"50,197","0,0001"
1,2,1037,-1,2,Load_Profile53.csv,"49,192","0,0001"
1,2,1037,-1,3,Load_Profile81.csv,"51,181","0,0001"
1,2,1038,-1,1,Load_Profile46.csv,"163,271","0,0001"
1,2,1038,-1,2,Load_Profile76.csv,"175,762","0,0001"
1,2,1038,-1,3,Load_Profile34.csv,"164,887","0,0001"
1,2,1039,-1,1,Load_Profile66.csv,"182,938","0,0001"
1,2,1039,-1,2,Load_Profile51.csv,"152,377","0,0001"
1,2,1039,-1,3,Load_Profile21.csv,"152,515","0,0001"
1,2,1040,-1,1,Load_Profile85.csv,"185,504","0,0001"
1,2,1040,-1,2,Load_Profile27.csv,"186,931","0,0001"
1,2,1040,-1,3,Load_Profile82.csv,"186,534","0,0001"
1,2,1041,-1,1,Load_Profile96.csv,"47,593","0,0001"
1,2,1041,-1,2,Load_Profile53.csv,"48,077","0,0001"
1,2,1041,-1,3,Load_Profile40.csv,"44,4","0,0001"
1,2,1042,-1,1,Load_Profile39.csv,"101,495","0,0001"
1,2,1042,-1,2,Load_Profile48.csv,"89,503","0,0001"
1,2,1042,-1,3,Load_Profile80.csv,"92,503","0,0001"
1,2,1043,-1,1,Load_Profile72.csv,"89,11","0,0001"
1,2,1043,-1,2,Load_Profile61.csv,"94,011","0,0001"
1,2,1043,-1,3,Load_Profile14.csv,"88,17","0,0001"
1,2,1046,-1,1,Load_Profile25.csv,"166,484","0,0001"
1,2,1046,-1,2,Load_Profile7.csv,"164,14","0,0001"
1,2,1046,-1,3,Load_Profile3.csv,"158,095","0,0001"
1,2,1047,-1,1,Load_Profile9.csv,"178,291","0,0001"
1,2,1047,-1,2,Load_Profile88.csv,"180,752","0,0001"
1,2,1047,-1,3,Load_Profile49.csv,"175,617","0,0001"
1,2,1048,-1,1,Load_Profile49.csv,"179,637","0,0001"
1,2,1048,-1,2,Load_Profile38.csv,"171,226","0,0001"
1,2,1048,-1,3,Load_Profile60.csv,"185,227","0,0001"
1,2,1051,-1,1,Load_Profile43.csv,"160,958","0,0001"
1,2,1051,-1,2,Load_Profile51.csv,"176,825","0,0001"
1,2,1051,-1,3,Load_Profile40.csv,"170,766","0,0001"
1,2,1052,-1,1,Load_Profile46.csv,"162,675","0,0001"
1,2,1052,-1,2,Load_Profile21.csv,"164,009","0,0001"
1,2,1052,-1,3,Load_Profile98.csv,"159,576","0,0001"
1,2,1053,-1,1,Load_Profile85.csv,"153,426","0,0001"
1,2,1053,-1,2,Load_Profile76.csv,"153,419","0,0001"
1,2,1053,-1,3,Load_Profile98.csv,"154,544","0,0001"
1,2,1056,-1,1,Load_Profile58.csv,"158,845","0,0001"
1,2,1056,-1,2,Load_Profile98.csv,"169,801","0,0001"
1,2,1056,-1,3,Load_Profile66.csv,"159,874","0,0001"
1,2,1057,-1,1,Load_Profile43.csv,"186,703","0,0001"
1,2,1057,-1,2,Load_Profile44.csv,"185,992","0,0001"
1,2,1057,-1,3,Load_Profile36.csv,"182,615","0,0001"
1,2,1058,-1,1,Load_Profile78.csv,"158,719","0,0001"
1,2,1058,-1,2,Load_Profile66.csv,"155,017","0,0001"
1,2,1058,-1,3,Load_Profile78.csv,"159,463","0,0001"
1,2,1061,-1,1,Load_Profile3.csv,"86,458","0,0001"
1,2,1061,-1,2,Load_Profile81.csv,"84,739","0,0001"
1,2,1061,-1,3,Load_Profile74.csv,"87,253","0,0001"
1,2,1062,-1,1,Load_Profile75.csv,"43,498","0,0001"
1,2,1062,-1,2,Load_Profile70.csv,"47,116","0,0001"
1,2,1062,-1,3,Load_Profile17.csv,"44,126","0,0001"
1,2,1063,-1,1,Load_Profile51.csv,"48,616","0,0001"
1,2,1063,-1,2,Load_Profile98.csv,"42,285","0,0001"
1,2,1063,-1,3,Load_Profile10.csv,"47,909","0,0001"
1,2,1064,-1,1,Load_Profile82.csv,"179,828","0,0001"
1,2,1064,-1,2,Load_Profile15.csv,"172,075","0,0001"
1,2,1064,-1,3,Load_Profile74.csv,"162,857","0,0001"
1,2,1065,-1,1,Load_Profile51.csv,"160,192","0,0001"
1,2,1065,-1,2,Load_Profile64.csv,"162,619","0,0001"
1,2,1065,-1,3,Load_Profile5.csv,"177,338","0,0001"
1,2,1066,-1,1,Load_Profile10.csv,"170,738","0,0001"
1,2,1066,-1,2,Load_Profile3.csv,"168,868","0,0001"
1,2,1066,-1,3,Load_Profile85.csv,"168,604","0,0001"
1,2,1067,-1,1,Load_Profile67.csv,"50,848","0,0001"
1,2,1067,-1,2,Load_Profile81.csv,"44,454","0,0001"
1,2,1067,-1,3,Load_Profile39.csv,"48,458","0,0001"
1,2,1072,-1,1,Load_Profile15.csv,"40,216","0,0001"
1,2,1072,-1,2,Load_Profile3.csv,"42,455","0,0001"
1,2,1072,-1,3,Load_Profile97.csv,"46,359","0,0001"
1,2,1073,-1,1,Load_Profile91.csv,"46,675","0,0001"
1,2,1073,-1,2,Load_Profile43.csv,"44,852","0,0001"
1,2,1073,-1,3,Load_Profile88.csv,"43,573","0,0001"
1,2,1078,-1,1,Load_Profile1.csv,"48,193","0,0001"
1,2,1078,-1,2,Load_Profile18.csv,"47,474","0,0001"
1,2,1078,-1,3,Load_Profile55.csv,"46,233","0,0001"
1,2,1079,-1,1,Load_Profile45.csv,"131,245","0,0001"
1,2,1079,-1,2,Load_Profile87.csv,"126,313","0,0001"
1,2,1079,-1,3,Load_Profile82.csv,"133,411","0,0001"
1,2,1080,-1,1,Load_Profile36.csv,"157,568","0,0001"
1,2,1080,-1,2,Load_Profile92.csv,"163,305","0,0001"
1,2,1080,-1,3,Load_Profile12.csv,"160,786","0,0001"
1,2,1081,-1,1,Load_Profile23.csv,"206,295","0,0001"
1,2,1081,-1,2,Load_Profile91.csv,"201,361","0,0001"
1,2,1081,-1,3,Load_Profile83.csv,"182,184","0,0001"
1,2,1082,-1,1,Load_Profile57.csv,"49,354","0,0001"
1,2,1082,-1,2,Load_Profile8.csv,"46,187","0,0001"
1,2,1082,-1,3,Load_Profile72.csv,"45,649","0,0001"
1,2,1083,-1,1,Load_Profile78.csv,"48,74","0,0001"
1,2,1083,-1,2,Load_Profile73.csv,"49,416","0,0001"
1,2,1083,-1,3,Load_Profile54.csv,"43,635","0,0001"
1,2,1084,-1,1,Load_Profile53.csv,"129,957","0,0001"
1,2,1084,-1,2,Load_Profile41.csv,"138,429","0,0001"
1,2,1084,-1,3,Load_Profile25.csv,"153,804","0,0001"
1,2,1087,-1,1,Load_Profile2.csv,"134,917","0,0001"
1,2,1087,-1,2,Load_Profile85.csv,"125,056","0,0001"
1,2,1087,-1,3,Load_Profile72.csv,"119,848","0,0001"
1,2,1088,-1,1,Load_Profile45.csv,"186,039","0,0001"
1,2,1088,-1,2,Load_Profile59.csv,"184,316","0,0001"
1,2,1088,-1,3,Load_Profile100.csv,"191,654","0,0001"
1,2,1089,-1,1,Load_Profile19.csv,"160,439","0,0001"
1,2,1089,-1,2,Load_Profile52.csv,"167,107","0,0001"
1,2,1089,-1,3,Load_Profile13.csv,"163,124","0,0001"
1,2,1092,-1,1,Load_Profile1.csv,"170,873","0,0001"
1,2,1092,-1,2,Load_Profile14.csv,"161,324","0,0001"
1,2,1092,-1,3,Load_Profile94.csv,"157,953","0,0001"
1,2,1093,-1,1,Load_Profile19.csv,"153,915","0,0001"
1,2,1093,-1,2,Load_Profile84.csv,"161,412","0,0001"
1,2,1093,-1,3,Load_Profile88.csv,"153,962","0,0001"
1,2,1094,-1,1,Load_Profile61.csv,"159,067","0,0001"
1,2,1094,-1,2,Load_Profile73.csv,"156,617","0,0001"
1,2,1094,-1,3,Load_Profile66.csv,"152,836","0,0001"
1,2,1097,-1,1,Load_Profile46.csv,"113,283","0,0001"
1,2,1097,-1,2,Load_Profile5.csv,"118,323","0,0001"
1,2,1097,-1,3,Load_Profile3.csv,"103,934","0,0001"
1,2,1098,-1,1,Load_Profile42.csv,"128,631","0,0001"
1,2,1098,-1,2,Load_Profile23.csv,"123,562","0,0001"
1,2,1098,-1,3,Load_Profile69.csv,"127,208","0,0001"
1,2,1099,-1,1,Load_Profile1.csv,"125,719","0,0001"
1,2,1099,-1,2,Load_Profile36.csv,"111,106","0,0001"
1,2,1099,-1,3,Load_Profile86.csv,"116,755","0,0001"
1,2,1102,-1,1,Load_Profile79.csv,"96,504","0,0001"
1,2,1102,-1,2,Load_Profile41.csv,"94,258","0,0001"
1,2,1102,-1,3,Load_Profile30.csv,"93,148","0,0001"
1,2,1103,-1,1,Load_Profile66.csv,"42,493","0,0001"
1,2,1103,-1,2,Load_Profile99.csv,"46,782","0,0001"
1,2,1103,-1,3,Load_Profile61.csv,"47,875","0,0001"
1,2,1104,-1,1,Load_Profile18.csv,"44,943","0,0001"
1,2,1104,-1,2,Load_Profile55.csv,"43,529","0,0001"
1,2,1104,-1,3,Load_Profile7.csv,"43,158","0,0001"
1,2,1105,-1,1,Load_Profile81.csv,"142,644","0,0001"
1,2,1105,-1,2,Load_Profile97.csv,"129,551","0,0001"
1,2,1105,-1,3,Load_Profile66.csv,"124,675","0,0001"
1,2,1106,-1,1,Load_Profile1.csv,"162,421","0,0001"
1,2,1106,-1,2,Load_Profile17.csv,"169,006","0,0001"
1,2,1106,-1,3,Load_Profile26.csv,"157,053","0,0001"
1,2,1107,-1,1,Load_Profile69.csv,"161,623","0,0001"
1,2,1107,-1,2,Load_Profile32.csv,"169,669","0,0001"
1,2,1107,-1,3,Load_Profile1.csv,"163,078","0,0001"
1,2,1108,-1,1,Load_Profile85.csv,"47,728","0,0001"
1,2,1108,-1,2,Load_Profile60.csv,"45,347","0,0001"
1,2,1108,-1,3,Load_Profile33.csv,"43,445","0,0001"
1,2,1113,-1,1,Load_Profile5.csv,"44,24","0,0001"
1,2,1113,-1,2,Load_Profile71.csv,"45,1","0,0001"
1,2,1113,-1,3,Load_Profile83.csv,"44,66","0,0001"
1,2,1114,-1,1,Load_Profile91.csv,"42,754","0,0001"
1,2,1114,-1,2,Load_Profile76.csv,"48,755","0,0001"
1,2,1114,-1,3,Load_Profile36.csv,"48,191","0,0001"
1,2,1120,-1,1,Load_Profile19.csv,"140,22","0,0001"
1,2,1120,-1,2,Load_Profile67.csv,"131,408","0,0001"
1,2,1120,-1,3,Load_Profile9.csv,"130,022","0,0001"
1,2,1121,-1,1,Load_Profile53.csv,"143,491","0,0001"
1,2,1121,-1,2,Load_Profile96.csv,"128,498","0,0001"
1,2,1121,-1,3,Load_Profile45.csv,"130,141","0,0001"
1,2,1122,-1,1,Load_Profile83.csv,"149,667","0,0001"
1,2,1122,-1,2,Load_Profile41.csv,"146,526","0,0001"
1,2,1122,-1,3,Load_Profile99.csv,"148,157","0,0001"
1,2,1123,-1,1,Load_Profile10.csv,"46,817","0,0001"
1,2,1123,-1,2,Load_Profile33.csv,"50,017","0,0001"
1,2,1123,-1,3,Load_Profile30.csv,"52,556","0,0001"
1,2,1124,-1,1,Load_Profile35.csv,"49,929","0,0001"
1,2,1124,-1,2,Load_Profile93.csv,"43,475","0,0001"
1,2,1124,-1,3,Load_Profile6.csv,"44,686","0,0001"
1,2,1125,-1,1,Load_Profile21.csv,"43,346","0,0001"
1,2,1125,-1,2,Load_Profile16.csv,"41,704","0,0001"
1,2,1125,-1,3,Load_Profile93.csv,"44,39","0,0001"
1,2,1127,-1,1,Load_Profile31.csv,51,"0,0001"
1,2,1127,-1,2,Load_Profile8.csv,"46,878","0,0001"
1,2,1127,-1,3,Load_Profile84.csv,"44,432","0,0001"
1,2,1128,-1,1,Load_Profile93.csv,"45,486","0,0001"
1,2,1128,-1,2,Load_Profile19.csv,"43,206","0,0001"
1,2,1128,-1,3,Load_Profile52.csv,"48,398","0,0001"
1,2,1129,-1,1,Load_Profile68.csv,"40,016","0,0001"
1,2,1129,-1,2,Load_Profile9.csv,"49,411","0,0001"
1,2,1129,-1,3,Load_Profile57.csv,"46,413","0,0001"
1,2,1130,-1,1,Load_Profile95.csv,"51,144","0,0001"
1,2,1130,-1,2,Load_Profile92.csv,"49,417","0,0001"
1,2,1130,-1,3,Load_Profile11.csv,"48,148","0,0001"
1,2,1132,-1,1,Load_Profile61.csv,"52,315","0,0001"
1,2,1132,-1,2,Load_Profile78.csv,"41,958","0,0001"
1,2,1132,-1,3,Load_Profile79.csv,"47,767","0,0001"
1,2,1133,-1,1,Load_Profile48.csv,"48,28","0,0001"
1,2,1133,-1,2,Load_Profile48.csv,"44,244","0,0001"
1,2,1133,-1,3,Load_Profile44.csv,"43,486","0,0001"
1,2,1134,-1,1,Load_Profile50.csv,"47,269","0,0001"
1,2,1134,-1,2,Load_Profile97.csv,"50,538","0,0001"
1,2,1134,-1,3,Load_Profile96.csv,"51,283","0,0001"
1,2,1135,-1,1,Load_Profile56.csv,"48,492","0,0001"
1,2,1135,-1,2,Load_Profile16.csv,"47,411","0,0001"
1,2,1135,-1,3,Load_Profile45.csv,"47,757","0,0001"
1,2,1137,-1,1,Load_Profile1.csv,"41,219","0,0001"
1,2,1137,-1,2,Load_Profile19.csv,"47,05","0,0001"
1,2,1137,-1,3,Load_Profile11.csv,"42,291","0,0001"
1,2,1138,-1,1,Load_Profile11.csv,"48,172","0,0001"
1,2,1138,-1,2,Load_Profile34.csv,"42,62","0,0001"
1,2,1138,-1,3,Load_Profile79.csv,"43,428","0,0001"
1,2,1139,-1,1,Load_Profile31.csv,"45,941","0,0001"
1,2,1139,-1,2,Load_Profile73.csv,"49,761","0,0001"
1,2,1139,-1,3,Load_Profile36.csv,"50,488","0,0001"
1,2,1140,-1,1,Load_Profile79.csv,"43,789","0,0001"
1,2,1140,-1,2,Load_Profile10.csv,"43,966","0,0001"
1,2,1140,-1,3,Load_Profile17.csv,"45,195","0,0001"
1,2,1142,-1,1,Load_Profile99.csv,"49,65","0,0001"
1,2,1142,-1,2,Load_Profile16.csv,"43,728","0,0001"
1,2,1142,-1,3,Load_Profile62.csv,"49,312","0,0001"
1,2,1143,-1,1,Load_Profile68.csv,"43,962","0,0001"
1,2,1143,-1,2,Load_Profile48.csv,"50,533","0,0001"
1,2,1143,-1,3,Load_Profile29.csv,"47,036","0,0001"
1,2,1144,-1,1,Load_Profile58.csv,"41,917","0,0001"
1,2,1144,-1,2,Load_Profile53.csv,"50,082","0,0001"
1,2,1144,-1,3,Load_Profile13.csv,"46,402","0,0001"
1,3,1193,-1,1,Load_Profile45.csv,"163,107","0,0001"
1,3,1193,-1,2,Load_Profile61.csv,"222,94","0,0001"
1,3,1193,-1,3,Load_Profile93.csv,"262,43","0,0001"
1,3,1198,-1,1,Load_Profile9.csv,"182,193","0,0001"
1,3,1198,-1,2,Load_Profile50.csv,"165,984","0,0001"
1,3,1198,-1,3,Load_Profile16.csv,"199,874","0,0001"
1,3,1203,-1,1,Load_Profile72.csv,"451,409","0,0001"
1,3,1203,-1,2,Load_Profile5.csv,"542,098","0,0001"
1,3,1203,-1,3,Load_Profile81.csv,"362,031","0,0001"
1,3,1210,-1,1,Load_Profile31.csv,"512,738","0,0001"
1,3,1210,-1,2,Load_Profile26.csv,"468,995","0,0001"
1,3,1210,-1,3,Load_Profile38.csv,"491,703","0,0001"
1,3,1217,-1,1,Load_Profile89.csv,"597,388","0,0001"
1,3,1217,-1,2,Load_Profile83.csv,"602,659","0,0001"
1,3,1217,-1,3,Load_Profile15.csv,"597,721","0,0001"
1,3,1224,-1,1,Load_Profile74.csv,"629,254","0,0001"
1,3,1224,-1,2,Load_Profile92.csv,"609,776","0,0001"
1,3,1224,-1,3,Load_Profile42.csv,"581,683","0,0001"
1,3,1231,-1,1,Load_Profile97.csv,"91,809","0,0001"
1,3,1231,-1,2,Load_Profile100.csv,"80,292","0,0001"
1,3,1231,-1,3,Load_Profile79.csv,"89,595","0,0001"
1,3,1236,-1,1,Load_Profile42.csv,"532,605","0,0001"
1,3,1236,-1,2,Load_Profile50.csv,"554,983","0,0001"
1,3,1236,-1,3,Load_Profile40.csv,"635,934","0,0001"
1,3,1001,-1,1,Load_Profile43.csv,"31,809","0,0001"
1,3,1001,-1,2,Load_Profile10.csv,"30,02","0,0001"
1,3,1001,-1,3,Load_Profile70.csv,"34,943","0,0001"
1,3,1002,-1,1,Load_Profile23.csv,"32,751","0,0001"
1,3,1002,-1,2,Load_Profile38.csv,"27,18","0,0001"
1,3,1002,-1,3,Load_Profile14.csv,"27,924","0,0001"
1,3,1003,-1,1,Load_Profile23.csv,"29,789","0,0001"
1,3,1003,-1,2,Load_Profile81.csv,"27,628","0,0001"
1,3,1003,-1,3,Load_Profile50.csv,"24,469","0,0001"
1,3,1005,-1,1,Load_Profile84.csv,"27,687","0,0001"
1,3,1005,-1,2,Load_Profile58.csv,"26,399","0,0001"
1,3,1005,-1,3,Load_Profile38.csv,"32,034","0,0001"
1,3,1006,-1,1,Load_Profile3.csv,"28,501","0,0001"
1,3,1006,-1,2,Load_Profile19.csv,"26,697","0,0001"
1,3,1006,-1,3,Load_Profile45.csv,"26,195","0,0001"
1,3,1007,-1,1,Load_Profile17.csv,"31,478","0,0001"
1,3,1007,-1,2,Load_Profile70.csv,"29,039","0,0001"
1,3,1007,-1,3,Load_Profile32.csv,"29,154","0,0001"
1,3,1008,-1,1,Load_Profile55.csv,"30,59","0,0001"
1,3,1008,-1,2,Load_Profile51.csv,"22,491","0,0001"
1,3,1008,-1,3,Load_Profile56.csv,"28,341","0,0001"
1,3,1010,-1,1,Load_Profile9.csv,"27,13","0,0001"
1,3,1010,-1,2,Load_Profile19.csv,"31,475","0,0001"
1,3,1010,-1,3,Load_Profile35.csv,"30,896","0,0001"
1,3,1011,-1,1,Load_Profile9.csv,"23,016","0,0001"
1,3,1011,-1,2,Load_Profile20.csv,"27,821","0,0001"
1,3,1011,-1,3,Load_Profile72.csv,"29,575","0,0001"
1,3,1012,-1,1,Load_Profile63.csv,"27,388","0,0001"
1,3,1012,-1,2,Load_Profile75.csv,"20,619","0,0001"
1,3,1012,-1,3,Load_Profile66.csv,"26,682","0,0001"
1,3,1013,-1,1,Load_Profile47.csv,"30,44","0,0001"
1,3,1013,-1,2,Load_Profile55.csv,"26,683","0,0001"
1,3,1013,-1,3,Load_Profile91.csv,"28,323","0,0001"
1,3,1015,-1,1,Load_Profile17.csv,"26,218","0,0001"
1,3,1015,-1,2,Load_Profile29.csv,"19,294","0,0001"
1,3,1015,-1,3,Load_Profile81.csv,"26,122","0,0001"
1,3,1016,-1,1,Load_Profile32.csv,"27,529","0,0001"
1,3,1016,-1,2,Load_Profile52.csv,"28,963","0,0001"
1,3,1016,-1,3,Load_Profile18.csv,"26,617","0,0001"
1,3,1017,-1,1,Load_Profile96.csv,"25,386","0,0001"
1,3,1017,-1,2,Load_Profile74.csv,"30,456","0,0001"
1,3,1017,-1,3,Load_Profile78.csv,"32,415","0,0001"
1,3,1018,-1,1,Load_Profile43.csv,"28,352","0,0001"
1,3,1018,-1,2,Load_Profile21.csv,"27,141","0,0001"
1,3,1018,-1,3,Load_Profile13.csv,"24,772","0,0001"
1,3,1019,-1,1,Load_Profile78.csv,"26,059","0,0001"
1,3,1019,-1,2,Load_Profile39.csv,"30,269","0,0001"
1,3,1019,-1,3,Load_Profile44.csv,"32,161","0,0001"
1,3,1020,-1,1,Load_Profile59.csv,"28,333","0,0001"
1,3,1020,-1,2,Load_Profile59.csv,"30,029","0,0001"
1,3,1020,-1,3,Load_Profile85.csv,"28,869","0,0001"
1,3,1021,-1,1,Load_Profile68.csv,"31,866","0,0001"
1,3,1021,-1,2,Load_Profile48.csv,"27,86","0,0001"
1,3,1021,-1,3,Load_Profile43.csv,"28,574","0,0001"
1,3,1022,-1,1,Load_Profile47.csv,"31,596","0,0001"
1,3,1022,-1,2,Load_Profile47.csv,"31,171","0,0001"
1,3,1022,-1,3,Load_Profile31.csv,"28,24","0,0001"
1,3,1023,-1,1,Load_Profile57.csv,"86,289","0,0001"
1,3,1023,-1,2,Load_Profile59.csv,"90,183","0,0001"
1,3,1023,-1,3,Load_Profile4.csv,"91,635","0,0001"
1,3,1024,-1,1,Load_Profile19.csv,"82,243","0,0001"
1,3,1024,-1,2,Load_Profile19.csv,"82,745","0,0001"
1,3,1024,-1,3,Load_Profile45.csv,"93,508","0,0001"
1,3,1025,-1,1,Load_Profile1.csv,"92,695","0,0001"
1,3,1025,-1,2,Load_Profile67.csv,"86,462","0,0001"
1,3,1025,-1,3,Load_Profile66.csv,"94,459","0,0001"
1,3,1026,-1,1,Load_Profile49.csv,"34,475","0,0001"
1,3,1026,-1,2,Load_Profile35.csv,"26,982","0,0001"
1,3,1026,-1,3,Load_Profile81.csv,"29,921","0,0001"
1,3,1031,-1,1,Load_Profile11.csv,"28,505","0,0001"
1,3,1031,-1,2,Load_Profile21.csv,"31,96","0,0001"
1,3,1031,-1,3,Load_Profile10.csv,"30,339","0,0001"
1,3,1032,-1,1,Load_Profile90.csv,"24,869","0,0001"
1,3,1032,-1,2,Load_Profile73.csv,"27,835","0,0001"
1,3,1032,-1,3,Load_Profile73.csv,"28,601","0,0001"
1,3,1037,-1,1,Load_Profile35.csv,"33,213","0,0001"
1,3,1037,-1,2,Load_Profile10.csv,"29,214","0,0001"
1,3,1037,-1,3,Load_Profile43.csv,"29,476","0,0001"
1,3,1038,-1,1,Load_Profile43.csv,"101,86","0,0001"
1,3,1038,-1,2,Load_Profile36.csv,"106,415","0,0001"
1,3,1038,-1,3,Load_Profile92.csv,"99,319","0,0001"
1,3,1039,-1,1,Load_Profile47.csv,"100,886","0,0001"
1,3,1039,-1,2,Load_Profile79.csv,"105,565","0,0001"
1,3,1039,-1,3,Load_Profile59.csv,"96,537","0,0001"
1,3,1040,-1,1,Load_Profile72.csv,"114,839","0,0001"
1,3,1040,-1,2,Load_Profile93.csv,"104,394","0,0001"
1,3,1040,-1,3,Load_Profile25.csv,"116,066","0,0001"
1,3,1041,-1,1,Load_Profile87.csv,"27,818","0,0001"
1,3,1041,-1,2,Load_Profile40.csv,"28,858","0,0001"
1,3,1041,-1,3,Load_Profile20.csv,"24,021","0,0001"
1,3,1042,-1,1,Load_Profile77.csv,"59,346","0,0001"
1,3,1042,-1,2,Load_Profile21.csv,"60,597","0,0001"
1,3,1042,-1,3,Load_Profile70.csv,"50,033","0,0001"
1,3,1043,-1,1,Load_Profile89.csv,"48,929","0,0001"
1,3,1043,-1,2,Load_Profile70.csv,"48,753","0,0001"
1,3,1043,-1,3,Load_Profile75.csv,"57,904","0,0001"
1,3,1046,-1,1,Load_Profile83.csv,"96,863","0,0001"
1,3,1046,-1,2,Load_Profile26.csv,"103,568","0,0001"
1,3,1046,-1,3,Load_Profile60.csv,"98,272","0,0001"
1,3,1047,-1,1,Load_Profile72.csv,"116,955","0,0001"
1,3,1047,-1,2,Load_Profile44.csv,"104,176","0,0001"
1,3,1047,-1,3,Load_Profile30.csv,"116,415","0,0001"
1,3,1048,-1,1,Load_Profile93.csv,"123,247","0,0001"
1,3,1048,-1,2,Load_Profile69.csv,"94,066","0,0001"
1,3,1048,-1,3,Load_Profile49.csv,"101,989","0,0001"
1,3,1051,-1,1,Load_Profile33.csv,"101,382","0,0001"
1,3,1051,-1,2,Load_Profile39.csv,"109,035","0,0001"
1,3,1051,-1,3,Load_Profile83.csv,"124,124","0,0001"
1,3,1052,-1,1,Load_Profile36.csv,"103,234","0,0001"
1,3,1052,-1,2,Load_Profile21.csv,"102,009","0,0001"
1,3,1052,-1,3,Load_Profile51.csv,"102,723","0,0001"
1,3,1053,-1,1,Load_Profile90.csv,"85,501","0,0001"
1,3,1053,-1,2,Load_Profile4.csv,"94,907","0,0001"
1,3,1053,-1,3,Load_Profile37.csv,"80,053","0,0001"
1,3,1056,-1,1,Load_Profile72.csv,"97,592","0,0001"
1,3,1056,-1,2,Load_Profile50.csv,"105,138","0,0001"
1,3,1056,-1,3,Load_Profile82.csv,"100,9","0,0001"
1,3,1057,-1,1,Load_Profile91.csv,"112,508","0,0001"
1,3,1057,-1,2,Load_Profile6.csv,"105,31","0,0001"
1,3,1057,-1,3,Load_Profile19.csv,"118,667","0,0001"
1,3,1058,-1,1,Load_Profile97.csv,"104,417","0,0001"
1,3,1058,-1,2,Load_Profile98.csv,"84,837","0,0001"
1,3,1058,-1,3,Load_Profile4.csv,"99,028","0,0001"
1,3,1061,-1,1,Load_Profile38.csv,"56,525","0,0001"
1,3,1061,-1,2,Load_Profile39.csv,"50,385","0,0001"
1,3,1061,-1,3,Load_Profile53.csv,"51,792","0,0001"
1,3,1062,-1,1,Load_Profile32.csv,"26,679","0,0001"
1,3,1062,-1,2,Load_Profile42.csv,"27,023","0,0001"
1,3,1062,-1,3,Load_Profile98.csv,"30,209","0,0001"
1,3,1063,-1,1,Load_Profile66.csv,"29,752","0,0001"
1,3,1063,-1,2,Load_Profile98.csv,"30,646","0,0001"
1,3,1063,-1,3,Load_Profile34.csv,"28,219","0,0001"
1,3,1064,-1,1,Load_Profile24.csv,"110,27","0,0001"
1,3,1064,-1,2,Load_Profile58.csv,"103,577","0,0001"
1,3,1064,-1,3,Load_Profile49.csv,"97,914","0,0001"
1,3,1065,-1,1,Load_Profile88.csv,"110,829","0,0001"
1,3,1065,-1,2,Load_Profile20.csv,"92,864","0,0001"
1,3,1065,-1,3,Load_Profile80.csv,"97,867","0,0001"
1,3,1066,-1,1,Load_Profile85.csv,"100,377","0,0001"
1,3,1066,-1,2,Load_Profile75.csv,"109,763","0,0001"
1,3,1066,-1,3,Load_Profile52.csv,"106,637","0,0001"
1,3,1067,-1,1,Load_Profile86.csv,"31,283","0,0001"
1,3,1067,-1,2,Load_Profile54.csv,"29,428","0,0001"
1,3,1067,-1,3,Load_Profile13.csv,"27,807","0,0001"
1,3,1072,-1,1,Load_Profile89.csv,"27,133","0,0001"
1,3,1072,-1,2,Load_Profile91.csv,"27,784","0,0001"
1,3,1072,-1,3,Load_Profile48.csv,"25,492","0,0001"
1,3,1073,-1,1,Load_Profile4.csv,"27,782","0,0001"
1,3,1073,-1,2,Load_Profile76.csv,"32,974","0,0001"
1,3,1073,-1,3,Load_Profile30.csv,"28,141","0,0001"
1,3,1078,-1,1,Load_Profile83.csv,"27,259","0,0001"
1,3,1078,-1,2,Load_Profile73.csv,"30,884","0,0001"
1,3,1078,-1,3,Load_Profile88.csv,"30,028","0,0001"
1,3,1079,-1,1,Load_Profile39.csv,"84,8","0,0001"
1,3,1079,-1,2,Load_Profile25.csv,"78,78","0,0001"
1,3,1079,-1,3,Load_Profile86.csv,"78,557","0,0001"
1,3,1080,-1,1,Load_Profile48.csv,"110,808","0,0001"
1,3,1080,-1,2,Load_Profile74.csv,"99,01","0,0001"
1,3,1080,-1,3,Load_Profile89.csv,"103,651","0,0001"
1,3,1081,-1,1,Load_Profile61.csv,"116,062","0,0001"
1,3,1081,-1,2,Load_Profile90.csv,"127,23","0,0001"
1,3,1081,-1,3,Load_Profile73.csv,"110,53","0,0001"
1,3,1082,-1,1,Load_Profile37.csv,"31,197","0,0001"
1,3,1082,-1,2,Load_Profile91.csv,"30,293","0,0001"
1,3,1082,-1,3,Load_Profile21.csv,"29,892","0,0001"
1,3,1083,-1,1,Load_Profile34.csv,"24,822","0,0001"
1,3,1083,-1,2,Load_Profile60.csv,"30,677","0,0001"
1,3,1083,-1,3,Load_Profile42.csv,"29,317","0,0001"
1,3,1084,-1,1,Load_Profile85.csv,"97,944","0,0001"
1,3,1084,-1,2,Load_Profile100.csv,"86,158","0,0001"
1,3,1084,-1,3,Load_Profile1.csv,"88,888","0,0001"
1,3,1087,-1,1,Load_Profile3.csv,"80,029","0,0001"
1,3,1087,-1,2,Load_Profile51.csv,"78,392","0,0001"
1,3,1087,-1,3,Load_Profile72.csv,"82,671","0,0001"
1,3,1088,-1,1,Load_Profile57.csv,"116,557","0,0001"
1,3,1088,-1,2,Load_Profile53.csv,"117,518","0,0001"
1,3,1088,-1,3,Load_Profile95.csv,"120,194","0,0001"
1,3,1089,-1,1,Load_Profile93.csv,"93,514","0,0001"
1,3,1089,-1,2,Load_Profile71.csv,"97,706","0,0001"
1,3,1089,-1,3,Load_Profile10.csv,"99,263","0,0001"
1,3,1092,-1,1,Load_Profile23.csv,"102,682","0,0001"
1,3,1092,-1,2,Load_Profile68.csv,"101,038","0,0001"
1,3,1092,-1,3,Load_Profile20.csv,"100,696","0,0001"
1,3,1093,-1,1,Load_Profile31.csv,"87,09","0,0001"
1,3,1093,-1,2,Load_Profile88.csv,"82,122","0,0001"
1,3,1093,-1,3,Load_Profile85.csv,"83,25","0,0001"
1,3,1094,-1,1,Load_Profile16.csv,"93,51","0,0001"
1,3,1094,-1,2,Load_Profile95.csv,"99,094","0,0001"
1,3,1094,-1,3,Load_Profile8.csv,"99,653","0,0001"
1,3,1097,-1,1,Load_Profile89.csv,"73,025","0,0001"
1,3,1097,-1,2,Load_Profile27.csv,"76,632","0,0001"
1,3,1097,-1,3,Load_Profile97.csv,"66,001","0,0001"
1,3,1098,-1,1,Load_Profile54.csv,"83,542","0,0001"
1,3,1098,-1,2,Load_Profile78.csv,"80,649","0,0001"
1,3,1098,-1,3,Load_Profile21.csv,"76,129","0,0001"
1,3,1099,-1,1,Load_Profile75.csv,"74,545","0,0001"
1,3,1099,-1,2,Load_Profile51.csv,"67,587","0,0001"
1,3,1099,-1,3,Load_Profile44.csv,"66,039","0,0001"
1,3,1102,-1,1,Load_Profile5.csv,"61,29","0,0001"
1,3,1102,-1,2,Load_Profile85.csv,"67,065","0,0001"
1,3,1102,-1,3,Load_Profile80.csv,"53,854","0,0001"
1,3,1103,-1,1,Load_Profile12.csv,"29,759","0,0001"
1,3,1103,-1,2,Load_Profile18.csv,"27,58","0,0001"
1,3,1103,-1,3,Load_Profile22.csv,"30,628","0,0001"
1,3,1104,-1,1,Load_Profile91.csv,"29,982","0,0001"
1,3,1104,-1,2,Load_Profile70.csv,"28,381","0,0001"
1,3,1104,-1,3,Load_Profile93.csv,"30,426","0,0001"
1,3,1105,-1,1,Load_Profile71.csv,"90,047","0,0001"
1,3,1105,-1,2,Load_Profile30.csv,"94,268","0,0001"
1,3,1105,-1,3,Load_Profile22.csv,"75,944","0,0001"
1,3,1106,-1,1,Load_Profile17.csv,"89,618","0,0001"
1,3,1106,-1,2,Load_Profile25.csv,"101,878","0,0001"
1,3,1106,-1,3,Load_Profile4.csv,"100,934","0,0001"
1,3,1107,-1,1,Load_Profile66.csv,"86,589","0,0001"
1,3,1107,-1,2,Load_Profile18.csv,"95,012","0,0001"
1,3,1107,-1,3,Load_Profile31.csv,"109,044","0,0001"
1,3,1108,-1,1,Load_Profile6.csv,"26,599","0,0001"
1,3,1108,-1,2,Load_Profile70.csv,"30,329","0,0001"
1,3,1108,-1,3,Load_Profile10.csv,"29,917","0,0001"
1,3,1113,-1,1,Load_Profile44.csv,"29,871","0,0001"
1,3,1113,-1,2,Load_Profile69.csv,"24,54","0,0001"
1,3,1113,-1,3,Load_Profile59.csv,"32,83","0,0001"
1,3,1114,-1,1,Load_Profile63.csv,"28,314","0,0001"
1,3,1114,-1,2,Load_Profile82.csv,"24,628","0,0001"
1,3,1114,-1,3,Load_Profile99.csv,"28,493","0,0001"
1,3,1120,-1,1,Load_Profile37.csv,"86,123","0,0001"
1,3,1120,-1,2,Load_Profile36.csv,"86,365","0,0001"
1,3,1120,-1,3,Load_Profile90.csv,"87,534","0,0001"
1,3,1121,-1,1,Load_Profile3.csv,"73,121","0,0001"
1,3,1121,-1,2,Load_Profile5.csv,"93,374","0,0001"
1,3,1121,-1,3,Load_Profile10.csv,"76,63","0,0001"
1,3,1122,-1,1,Load_Profile5.csv,"99,503","0,0001"
1,3,1122,-1,2,Load_Profile91.csv,"86,49","0,0001"
1,3,1122,-1,3,Load_Profile2.csv,"87,049","0,0001"
1,3,1123,-1,1,Load_Profile74.csv,"32,874","0,0001"
1,3,1123,-1,2,Load_Profile4.csv,"29,483","0,0001"
1,3,1123,-1,3,Load_Profile37.csv,"33,376","0,0001"
1,3,1124,-1,1,Load_Profile3.csv,"27,563","0,0001"
1,3,1124,-1,2,Load_Profile65.csv,"28,814","0,0001"
1,3,1124,-1,3,Load_Profile100.csv,"26,468","0,0001"
1,3,1125,-1,1,Load_Profile74.csv,"29,85","0,0001"
1,3,1125,-1,2,Load_Profile67.csv,"29,925","0,0001"
1,3,1125,-1,3,Load_Profile93.csv,"24,38","0,0001"
1,3,1127,-1,1,Load_Profile46.csv,"30,507","0,0001"
1,3,1127,-1,2,Load_Profile73.csv,"33,344","0,0001"
1,3,1127,-1,3,Load_Profile37.csv,"33,576","0,0001"
1,3,1128,-1,1,Load_Profile42.csv,"29,972","0,0001"
1,3,1128,-1,2,Load_Profile42.csv,"26,779","0,0001"
1,3,1128,-1,3,Load_Profile7.csv,"25,898","0,0001"
1,3,1129,-1,1,Load_Profile40.csv,"27,173","0,0001"
1,3,1129,-1,2,Load_Profile82.csv,"24,356","0,0001"
1,3,1129,-1,3,Load_Profile95.csv,"32,956","0,0001"
1,3,1130,-1,1,Load_Profile79.csv,"34,412","0,0001"
1,3,1130,-1,2,Load_Profile70.csv,"29,379","0,0001"
1,3,1130,-1,3,Load_Profile13.csv,"30,264","0,0001"
1,3,1132,-1,1,Load_Profile80.csv,"30,315","0,0001"
1,3,1132,-1,2,Load_Profile82.csv,"26,21","0,0001"
1,3,1132,-1,3,Load_Profile6.csv,"26,556","0,0001"
1,3,1133,-1,1,Load_Profile80.csv,"28,122","0,0001"
1,3,1133,-1,2,Load_Profile65.csv,"31,903","0,0001"
1,3,1133,-1,3,Load_Profile23.csv,"27,731","0,0001"
1,3,1134,-1,1,Load_Profile38.csv,"28,65","0,0001"
1,3,1134,-1,2,Load_Profile4.csv,"31,432","0,0001"
1,3,1134,-1,3,Load_Profile81.csv,"31,13","0,0001"
1,3,1135,-1,1,Load_Profile82.csv,"30,564","0,0001"
1,3,1135,-1,2,Load_Profile69.csv,"32,224","0,0001"
1,3,1135,-1,3,Load_Profile4.csv,"29,362","0,0001"
1,3,1137,-1,1,Load_Profile65.csv,"23,716","0,0001"
1,3,1137,-1,2,Load_Profile88.csv,"24,941","0,0001"
1,3,1137,-1,3,Load_Profile20.csv,"32,681","0,0001"
1,3,1138,-1,1,Load_Profile90.csv,"25,102","0,0001"
1,3,1138,-1,2,Load_Profile30.csv,"33,524","0,0001"
1,3,1138,-1,3,Load_Profile12.csv,"23,704","0,0001"
1,3,1139,-1,1,Load_Profile57.csv,"30,135","0,0001"
1,3,1139,-1,2,Load_Profile48.csv,"26,541","0,0001"
1,3,1139,-1,3,Load_Profile33.csv,"32,21","0,0001"
1,3,1140,-1,1,Load_Profile39.csv,"22,87","0,0001"
1,3,1140,-1,2,Load_Profile5.csv,"25,026","0,0001"
1,3,1140,-1,3,Load_Profile67.csv,"25,174","0,0001"
1,3,1142,-1,1,Load_Profile21.csv,"36,688","0,0001"
1,3,1142,-1,2,Load_Profile14.csv,"32,266","0,0001"
1,3,1142,-1,3,Load_Profile62.csv,"28,419","0,0001"
1,3,1143,-1,1,Load_Profile91.csv,"26,783","0,0001"
1,3,1143,-1,2,Load_Profile21.csv,"27,271","0,0001"
1,3,1143,-1,3,Load_Profile66.csv,"31,333","0,0001"
1,3,1144,-1,1,Load_Profile93.csv,"25,513","0,0001"
1,3,1144,-1,2,Load_Profile35.csv,"28,703","0,0001"
1,3,1144,-1,3,Load_Profile68.csv,"29,409","0,0001"
1,2,2,-1,1,None,0,"0,0001"
1,2,3,-1,1,None,0,"0,0001"
1,2,5,-1,1,None,0,"0,0001"
1,2,7,-1,1,None,0,"0,0001"
1,2,9,-1,1,None,0,"0,0001"
1,2,11,-1,1,None,0,"0,0001"
1,2,13,-1,1,None,0,"0,0001"
1,2,14,-1,1,None,0,"0,0001"
1,2,15,-1,1,None,0,"0,0001"
1,2,16,-1,1,None,0,"0,0001"
1,2,17,-1,1,None,0,"0,0001"
1,2,18,-1,1,None,0,"0,0001"
1,2,19,-1,1,None,0,"0,0001"
1,2,20,-1,1,None,0,"0,0001"
1,2,21,-1,1,None,0,"0,0001"
1,2,22,-1,1,None,0,"0,0001"
1,2,23,-1,1,None,0,"0,0001"
1,2,24,-1,1,None,0,"0,0001"
1,2,25,-1,1,None,0,"0,0001"
1,2,26,-1,1,None,0,"0,0001"
1,2,27,-1,1,None,0,"0,0001"
1,2,29,-1,1,None,0,"0,0001"
1,2,30,-1,1,None,0,"0,0001"
1,2,31,-1,1,None,0,"0,0001"
1,2,32,-1,1,None,0,"0,0001"
1,2,33,-1,1,None,0,"0,0001"
1,2,34,-1,1,None,0,"0,0001"
1,2,35,-1,1,None,0,"0,0001"
1,2,36,-1,1,None,0,"0,0001"
1,2,37,-1,1,None,0,"0,0001"
1,2,38,-1,1,None,0,"0,0001"
1,2,39,-1,1,None,0,"0,0001"
1,2,40,-1,1,None,0,"0,0001"
1,2,41,-1,1,None,0,"0,0001"
1,2,42,-1,1,None,0,"0,0001"
1,2,43,-1,1,None,0,"0,0001"
1,2,44,-1,1,None,0,"0,0001"
1,2,45,-1,1,None,0,"0,0001"
1,2,47,-1,1,None,0,"0,0001"
1,2,48,-1,1,None,0,"0,0001"
1,2,49,-1,1,None,0,"0,0001"
1,2,50,-1,1,None,0,"0,0001"
1,2,51,-1,1,None,0,"0,0001"
1,2,52,-1,1,None,0,"0,0001"
1,2,53,-1,1,None,0,"0,0001"
1,2,54,-1,1,None,0,"0,0001"
1,2,55,-1,1,None,0,"0,0001"
1,2,56,-1,1,None,0,"0,0001"
1,2,57,-1,1,None,0,"0,0001"
1,2,58,-1,1,None,0,"0,0001"
1,2,59,-1,1,None,0,"0,0001"
1,2,60,-1,1,None,0,"0,0001"
1,2,61,-1,1,None,0,"0,0001"
1,2,62,-1,1,None,0,"0,0001"
1,2,64,-1,1,None,0,"0,0001"
1,2,65,-1,1,None,0,"0,0001"
1,2,66,-1,1,None,0,"0,0001"
1,2,67,-1,1,None,0,"0,0001"
1,2,68,-1,1,None,0,"0,0001"
1,2,69,-1,1,None,0,"0,0001"
1,2,70,-1,1,None,0,"0,0001"
1,2,71,-1,1,None,0,"0,0001"
1,2,72,-1,1,None,0,"0,0001"
1,2,73,-1,1,None,0,"0,0001"
1,2,74,-1,1,None,0,"0,0001"
1,2,75,-1,1,None,0,"0,0001"
1,2,76,-1,1,None,0,"0,0001"
1,2,77,-1,1,None,0,"0,0001"
1,2,78,-1,1,None,0,"0,0001"
1,2,79,-1,1,None,0,"0,0001"
1,2,80,-1,1,None,0,"0,0001"
1,2,81,-1,1,None,0,"0,0001"
1,2,83,-1,1,None,0,"0,0001"
1,2,84,-1,1,None,0,"0,0001"
1,2,85,-1,1,None,0,"0,0001"
1,2,86,-1,1,None,0,"0,0001"
1,2,87,-1,1,None,0,"0,0001"
1,2,88,-1,1,None,0,"0,0001"
1,2,89,-1,1,None,0,"0,0001"
1,2,90,-1,1,None,0,"0,0001"
1,2,91,-1,1,None,0,"0,0001"
1,2,92,-1,1,None,0,"0,0001"
1,2,93,-1,1,None,0,"0,0001"
1,2,94,-1,1,None,0,"0,0001"
1,2,95,-1,1,None,0,"0,0001"
1,2,96,-1,1,None,0,"0,0001"
1,2,97,-1,1,None,0,"0,0001"
1,2,99,-1,1,None,0,"0,0001"
1,2,100,-1,1,None,0,"0,0001"
1,2,101,-1,1,None,0,"0,0001"
1,2,102,-1,1,None,0,"0,0001"
1,2,103,-1,1,None,0,"0,0001"
1,2,104,-1,1,None,0,"0,0001"
1,2,105,-1,1,None,0,"0,0001"
1,2,106,-1,1,None,0,"0,0001"
1,2,107,-1,1,None,0,"0,0001"
1,2,108,-1,1,None,0,"0,0001"
1,2,109,-1,1,None,0,"0,0001"
1,2,110,-1,1,None,0,"0,0001"
1,2,111,-1,1,None,0,"0,0001"
1,2,112,-1,1,None,0,"0,0001"
1,2,113,-1,1,None,0,"0,0001"
1,2,114,-1,1,None,0,"0,0001"
1,2,115,-1,1,None,0,"0,0001"
1,2,116,-1,1,None,0,"0,0001"
1,2,117,-1,1,None,0,"0,0001"
1,2,119,-1,1,None,0,"0,0001"
1,2,120,-1,1,None,0,"0,0001"
1,2,121,-1,1,None,0,"0,0001"
1,2,122,-1,1,None,0,"0,0001"
1,2,123,-1,1,None,0,"0,0001"
1,2,124,-1,1,None,0,"0,0001"
1,2,125,-1,1,None,0,"0,0001"
1,2,126,-1,1,None,0,"0,0001"
1,2,127,-1,1,None,0,"0,0001"
1,2,128,-1,1,None,0,"0,0001"
1,2,129,-1,1,None,0,"0,0001"
1,2,130,-1,1,None,0,"0,0001"
1,2,131,-1,1,None,0,"0,0001"
1,2,132,-1,1,None,0,"0,0001"
1,2,133,-1,1,None,0,"0,0001"
1,2,134,-1,1,None,0,"0,0001"
1,2,136,-1,1,None,0,"0,0001"
1,2,137,-1,1,None,0,"0,0001"
1,2,138,-1,1,None,0,"0,0001"
1,2,139,-1,1,None,0,"0,0001"
1,2,140,-1,1,None,0,"0,0001"
1,2,141,-1,1,None,0,"0,0001"
1,2,142,-1,1,None,0,"0,0001"
1,2,143,-1,1,None,0,"0,0001"
1,2,144,-1,1,None,0,"0,0001"
1,2,145,-1,1,None,0,"0,0001"
1,2,146,-1,1,None,0,"0,0001"
1,2,147,-1,1,None,0,"0,0001"
1,2,148,-1,1,None,0,"0,0001"
1,2,149,-1,1,None,0,"0,0001"
1,2,150,-1,1,None,0,"0,0001"
1,2,1119,-1,1,None,0,"0,0001"
1,2,1145,-1,1,None,0,"0,0001"
1,2,1146,-1,1,None,0,"0,0001"
1,2,1147,-1,1,None,0,"0,0001"
1,2,1148,-1,1,None,0,"0,0001"
1,2,1149,-1,1,None,0,"0,0001"
1,2,1150,-1,1,None,0,"0,0001"
1,2,1151,-1,1,None,0,"0,0001"
1,2,1152,-1,1,None,0,"0,0001"
1,2,1153,-1,1,None,0,"0,0001"
1,2,1154,-1,1,None,0,"0,0001"
1,2,1155,-1,1,None,0,"0,0001"
1,2,1156,-1,1,None,0,"0,0001"
1,2,1158,-1,1,None,0,"0,0001"
1,2,1159,-1,1,None,0,"0,0001"
1,2,1160,-1,1,None,0,"0,0001"
1,2,1161,-1,1,None,0,"0,0001"
1,2,1162,-1,1,None,0,"0,0001"
1,2,1163,-1,1,None,0,"0,0001"
1,2,1164,-1,1,None,0,"0,0001"
1,2,1165,-1,1,None,0,"0,0001"
1,2,1166,-1,1,None,0,"0,0001"
1,2,1167,-1,1,None,0,"0,0001"
1,2,1168,-1,1,None,0,"0,0001"
1,2,1169,-1,1,None,0,"0,0001"
1,2,1170,-1,1,None,0,"0,0001"
1,2,1171,-1,1,None,0,"0,0001"
1,2,1172,-1,1,None,0,"0,0001"
1,2,1173,-1,1,None,0,"0,0001"
1,2,1174,-1,1,None,0,"0,0001"
1,2,1175,-1,1,None,0,"0,0001"
1,2,1176,-1,1,None,0,"0,0001"
1,2,1177,-1,1,None,0,"0,0001"
1,2,1178,-1,1,None,0,"0,0001"
1,2,1179,-1,1,None,0,"0,0001"
1,2,1180,-1,1,None,0,"0,0001"
1,2,1181,-1,1,None,0,"0,0001"
1,2,1182,-1,1,None,0,"0,0001"
1,2,1183,-1,1,None,0,"0,0001"
1,2,1184,-1,1,None,0,"0,0001"
1,2,1185,-1,1,None,0,"0,0001"
1,2,1186,-1,1,None,0,"0,0001"
1,2,1187,-1,1,None,0,"0,0001"
1,2,1188,-1,1,None,0,"0,0001"
1,2,1189,-1,1,None,0,"0,0001"
1,2,1190,-1,1,None,0,"0,0001"
1,2,1191,-1,1,None,0,"0,0001"
1,2,1192,-1,1,None,0,"0,0001"
1,2,1196,-1,1,None,0,"0,0001"
1,2,1197,-1,1,None,0,"0,0001"
1,2,1201,-1,1,None,0,"0,0001"
1,2,1202,-1,1,None,0,"0,0001"
1,2,1207,-1,1,None,0,"0,0001"
1,2,1208,-1,1,None,0,"0,0001"
1,2,1209,-1,1,None,0,"0,0001"
1,2,1214,-1,1,None,0,"0,0001"
1,2,1215,-1,1,None,0,"0,0001"
1,2,1216,-1,1,None,0,"0,0001"
1,2,1221,-1,1,None,0,"0,0001"
1,2,1222,-1,1,None,0,"0,0001"
1,2,1223,-1,1,None,0,"0,0001"
1,2,1228,-1,1,None,0,"0,0001"
1,2,1229,-1,1,None,0,"0,0001"
1,2,1230,-1,1,None,0,"0,0001"
1,2,1234,-1,1,None,0,"0,0001"
1,2,1235,-1,1,None,0,"0,0001"
1,2,1238,-1,1,None,0,"0,0001"
1,2,1240,-1,1,None,0,"0,0001"
1,2,2,-1,2,None,0,"0,0001"
1,2,3,-1,2,None,0,"0,0001"
1,2,5,-1,2,None,0,"0,0001"
1,2,7,-1,2,None,0,"0,0001"
1,2,9,-1,2,None,0,"0,0001"
1,2,11,-1,2,None,0,"0,0001"
1,2,13,-1,2,None,0,"0,0001"
1,2,14,-1,2,None,0,"0,0001"
1,2,15,-1,2,None,0,"0,0001"
1,2,16,-1,2,None,0,"0,0001"
1,2,17,-1,2,None,0,"0,0001"
1,2,18,-1,2,None,0,"0,0001"
1,2,19,-1,2,None,0,"0,0001"
1,2,20,-1,2,None,0,"0,0001"
1,2,21,-1,2,None,0,"0,0001"
1,2,22,-1,2,None,0,"0,0001"
1,2,23,-1,2,None,0,"0,0001"
1,2,24,-1,2,None,0,"0,0001"
1,2,25,-1,2,None,0,"0,0001"
1,2,26,-1,2,None,0,"0,0001"
1,2,27,-1,2,None,0,"0,0001"
1,2,29,-1,2,None,0,"0,0001"
1,2,30,-1,2,None,0,"0,0001"
1,2,31,-1,2,None,0,"0,0001"
1,2,32,-1,2,None,0,"0,0001"
1,2,33,-1,2,None,0,"0,0001"
1,2,34,-1,2,None,0,"0,0001"
1,2,35,-1,2,None,0,"0,0001"
1,2,36,-1,2,None,0,"0,0001"
1,2,37,-1,2,None,0,"0,0001"
1,2,38,-1,2,None,0,"0,0001"
1,2,39,-1,2,None,0,"0,0001"
1,2,40,-1,2,None,0,"0,0001"
1,2,41,-1,2,None,0,"0,0001"
1,2,42,-1,2,None,0,"0,0001"
1,2,43,-1,2,None,0,"0,0001"
1,2,44,-1,2,None,0,"0,0001"
1,2,45,-1,2,None,0,"0,0001"
1,2,47,-1,2,None,0,"0,0001"
1,2,48,-1,2,None,0,"0,0001"
1,2,49,-1,2,None,0,"0,0001"
1,2,50,-1,2,None,0,"0,0001"
1,2,51,-1,2,None,0,"0,0001"
1,2,52,-1,2,None,0,"0,0001"
1,2,53,-1,2,None,0,"0,0001"
1,2,54,-1,2,None,0,"0,0001"
1,2,55,-1,2,None,0,"0,0001"
1,2,56,-1,2,None,0,"0,0001"
1,2,57,-1,2,None,0,"0,0001"
1,2,58,-1,2,None,0,"0,0001"
1,2,59,-1,2,None,0,"0,0001"
1,2,60,-1,2,None,0,"0,0001"
1,2,61,-1,2,None,0,"0,0001"
1,2,62,-1,2,None,0,"0,0001"
1,2,64,-1,2,None,0,"0,0001"
1,2,65,-1,2,None,0,"0,0001"
1,2,66,-1,2,None,0,"0,0001"
1,2,67,-1,2,None,0,"0,0001"
1,2,68,-1,2,None,0,"0,0001"
1,2,69,-1,2,None,0,"0,0001"
1,2,70,-1,2,None,0,"0,0001"
1,2,71,-1,2,None,0,"0,0001"
1,2,72,-1,2,None,0,"0,0001"
1,2,73,-1,2,None,0,"0,0001"
1,2,74,-1,2,None,0,"0,0001"
1,2,75,-1,2,None,0,"0,0001"
1,2,76,-1,2,None,0,"0,0001"
1,2,77,-1,2,None,0,"0,0001"
1,2,78,-1,2,None,0,"0,0001"
1,2,79,-1,2,None,0,"0,0001"
1,2,80,-1,2,None,0,"0,0001"
1,2,81,-1,2,None,0,"0,0001"
1,2,83,-1,2,None,0,"0,0001"
1,2,84,-1,2,None,0,"0,0001"
1,2,85,-1,2,None,0,"0,0001"
1,2,86,-1,2,None,0,"0,0001"
1,2,87,-1,2,None,0,"0,0001"
1,2,88,-1,2,None,0,"0,0001"
1,2,89,-1,2,None,0,"0,0001"
1,2,90,-1,2,None,0,"0,0001"
1,2,91,-1,2,None,0,"0,0001"
1,2,92,-1,2,None,0,"0,0001"
1,2,93,-1,2,None,0,"0,0001"
1,2,94,-1,2,None,0,"0,0001"
1,2,95,-1,2,None,0,"0,0001"
1,2,96,-1,2,None,0,"0,0001"
1,2,97,-1,2,None,0,"0,0001"
1,2,99,-1,2,None,0,"0,0001"
1,2,100,-1,2,None,0,"0,0001"
1,2,101,-1,2,None,0,"0,0001"
1,2,102,-1,2,None,0,"0,0001"
1,2,103,-1,2,None,0,"0,0001"
1,2,104,-1,2,None,0,"0,0001"
1,2,105,-1,2,None,0,"0,0001"
1,2,106,-1,2,None,0,"0,0001"
1,2,107,-1,2,None,0,"0,0001"
1,2,108,-1,2,None,0,"0,0001"
1,2,109,-1,2,None,0,"0,0001"
1,2,110,-1,2,None,0,"0,0001"
1,2,111,-1,2,None,0,"0,0001"
1,2,112,-1,2,None,0,"0,0001"
1,2,113,-1,2,None,0,"0,0001"
1,2,114,-1,2,None,0,"0,0001"
1,2,115,-1,2,None,0,"0,0001"
1,2,116,-1,2,None,0,"0,0001"
1,2,117,-1,2,None,0,"0,0001"
1,2,119,-1,2,None,0,"0,0001"
1,2,120,-1,2,None,0,"0,0001"
1,2,121,-1,2,None,0,"0,0001"
1,2,122,-1,2,None,0,"0,0001"
1,2,123,-1,2,None,0,"0,0001"
1,2,124,-1,2,None,0,"0,0001"
1,2,125,-1,2,None,0,"0,0001"
1,2,126,-1,2,None,0,"0,0001"
1,2,127,-1,2,None,0,"0,0001"
1,2,128,-1,2,None,0,"0,0001"
1,2,129,-1,2,None,0,"0,0001"
1,2,130,-1,2,None,0,"0,0001"
1,2,131,-1,2,None,0,"0,0001"
1,2,132,-1,2,None,0,"0,0001"
1,2,133,-1,2,None,0,"0,0001"
1,2,134,-1,2,None,0,"0,0001"
1,2,136,-1,2,None,0,"0,0001"
1,2,137,-1,2,None,0,"0,0001"
1,2,138,-1,2,None,0,"0,0001"
1,2,139,-1,2,None,0,"0,0001"
1,2,140,-1,2,None,0,"0,0001"
1,2,141,-1,2,None,0,"0,0001"
1,2,142,-1,2,None,0,"0,0001"
1,2,143,-1,2,None,0,"0,0001"
1,2,144,-1,2,None,0,"0,0001"
1,2,145,-1,2,None,0,"0,0001"
1,2,146,-1,2,None,0,"0,0001"
1,2,147,-1,2,None,0,"0,0001"
1,2,148,-1,2,None,0,"0,0001"
1,2,149,-1,2,None,0,"0,0001"
1,2,150,-1,2,None,0,"0,0001"
1,2,1119,-1,2,None,0,"0,0001"
1,2,1145,-1,2,None,0,"0,0001"
1,2,1146,-1,2,None,0,"0,0001"
1,2,1147,-1,2,None,0,"0,0001"
1,2,1148,-1,2,None,0,"0,0001"
1,2,1149,-1,2,None,0,"0,0001"
1,2,1150,-1,2,None,0,"0,0001"
1,2,1151,-1,2,None,0,"0,0001"
1,2,1152,-1,2,None,0,"0,0001"
1,2,1153,-1,2,None,0,"0,0001"
1,2,1154,-1,2,None,0,"0,0001"
1,2,1155,-1,2,None,0,"0,0001"
1,2,1156,-1,2,None,0,"0,0001"
1,2,1158,-1,2,None,0,"0,0001"
1,2,1159,-1,2,None,0,"0,0001"
1,2,1160,-1,2,None,0,"0,0001"
1,2,1161,-1,2,None,0,"0,0001"
1,2,1162,-1,2,None,0,"0,0001"
1,2,1163,-1,2,None,0,"0,0001"
1,2,1164,-1,2,None,0,"0,0001"
1,2,1165,-1,2,None,0,"0,0001"
1,2,1166,-1,2,None,0,"0,0001"
1,2,1167,-1,2,None,0,"0,0001"
1,2,1168,-1,2,None,0,"0,0001"
1,2,1169,-1,2,None,0,"0,0001"
1,2,1170,-1,2,None,0,"0,0001"
1,2,1171,-1,2,None,0,"0,0001"
1,2,1172,-1,2,None,0,"0,0001"
1,2,1173,-1,2,None,0,"0,0001"
1,2,1174,-1,2,None,0,"0,0001"
1,2,1175,-1,2,None,0,"0,0001"
1,2,1176,-1,2,None,0,"0,0001"
1,2,1177,-1,2,None,0,"0,0001"
1,2,1178,-1,2,None,0,"0,0001"
1,2,1179,-1,2,None,0,"0,0001"
1,2,1180,-1,2,None,0,"0,0001"
1,2,1181,-1,2,None,0,"0,0001"
1,2,1182,-1,2,None,0,"0,0001"
1,2,1183,-1,2,None,0,"0,0001"
1,2,1184,-1,2,None,0,"0,0001"
1,2,1185,-1,2,None,0,"0,0001"
1,2,1186,-1,2,None,0,"0,0001"
1,2,1187,-1,2,None,0,"0,0001"
1,2,1188,-1,2,None,0,"0,0001"
1,2,1189,-1,2,None,0,"0,0001"
1,2,1190,-1,2,None,0,"0,0001"
1,2,1191,-1,2,None,0,"0,0001"
1,2,1192,-1,2,None,0,"0,0001"
1,2,1196,-1,2,None,0,"0,0001"
1,2,1197,-1,2,None,0,"0,0001"
1,2,1201,-1,2,None,0,"0,0001"
1,2,1202,-1,2,None,0,"0,0001"
1,2,1207,-1,2,None,0,"0,0001"
1,2,1208,-1,2,None,0,"0,0001"
1,2,1209,-1,2,None,0,"0,0001"
1,2,1214,-1,2,None,0,"0,0001"
1,2,1215,-1,2,None,0,"0,0001"
1,2,1216,-1,2,None,0,"0,0001"
1,2,1221,-1,2,None,0,"0,0001"
1,2,1222,-1,2,None,0,"0,0001"
1,2,1223,-1,2,None,0,"0,0001"
1,2,1228,-1,2,None,0,"0,0001"
1,2,1229,-1,2,None,0,"0,0001"
1,2,1230,-1,2,None,0,"0,0001"
1,2,1234,-1,2,None,0,"0,0001"
1,2,1235,-1,2,None,0,"0,0001"
1,2,1238,-1,2,None,0,"0,0001"
1,2,1240,-1,2,None,0,"0,0001"
1,2,2,-1,3,None,0,"0,0001"
1,2,3,-1,3,None,0,"0,0001"
1,2,5,-1,3,None,0,"0,0001"
1,2,7,-1,3,None,0,"0,0001"
1,2,9,-1,3,None,0,"0,0001"
1,2,11,-1,3,None,0,"0,0001"
1,2,13,-1,3,None,0,"0,0001"
1,2,14,-1,3,None,0,"0,0001"
1,2,15,-1,3,None,0,"0,0001"
1,2,16,-1,3,None,0,"0,0001"
1,2,17,-1,3,None,0,"0,0001"
1,2,18,-1,3,None,0,"0,0001"
1,2,19,-1,3,None,0,"0,0001"
1,2,20,-1,3,None,0,"0,0001"
1,2,21,-1,3,None,0,"0,0001"
1,2,22,-1,3,None,0,"0,0001"
1,2,23,-1,3,None,0,"0,0001"
1,2,24,-1,3,None,0,"0,0001"
1,2,25,-1,3,None,0,"0,0001"
1,2,26,-1,3,None,0,"0,0001"
1,2,27,-1,3,None,0,"0,0001"
1,2,29,-1,3,None,0,"0,0001"
1,2,30,-1,3,None,0,"0,0001"
1,2,31,-1,3,None,0,"0,0001"
1,2,32,-1,3,None,0,"0,0001"
1,2,33,-1,3,None,0,"0,0001"
1,2,34,-1,3,None,0,"0,0001"
1,2,35,-1,3,None,0,"0,0001"
1,2,36,-1,3,None,0,"0,0001"
1,2,37,-1,3,None,0,"0,0001"
1,2,38,-1,3,None,0,"0,0001"
1,2,39,-1,3,None,0,"0,0001"
1,2,40,-1,3,None,0,"0,0001"
1,2,41,-1,3,None,0,"0,0001"
1,2,42,-1,3,None,0,"0,0001"
1,2,43,-1,3,None,0,"0,0001"
1,2,44,-1,3,None,0,"0,0001"
1,2,45,-1,3,None,0,"0,0001"
1,2,47,-1,3,None,0,"0,0001"
1,2,48,-1,3,None,0,"0,0001"
1,2,49,-1,3,None,0,"0,0001"
1,2,50,-1,3,None,0,"0,0001"
1,2,51,-1,3,None,0,"0,0001"
1,2,52,-1,3,None,0,"0,0001"
1,2,53,-1,3,None,0,"0,0001"
1,2,54,-1,3,None,0,"0,0001"
1,2,55,-1,3,None,0,"0,0001"
1,2,56,-1,3,None,0,"0,0001"
1,2,57,-1,3,None,0,"0,0001"
1,2,58,-1,3,None,0,"0,0001"
1,2,59,-1,3,None,0,"0,0001"
1,2,60,-1,3,None,0,"0,0001"
1,2,61,-1,3,None,0,"0,0001"
1,2,62,-1,3,None,0,"0,0001"
1,2,64,-1,3,None,0,"0,0001"
1,2,65,-1,3,None,0,"0,0001"
1,2,66,-1,3,None,0,"0,0001"
1,2,67,-1,3,None,0,"0,0001"
1,2,68,-1,3,None,0,"0,0001"
1,2,69,-1,3,None,0,"0,0001"
1,2,70,-1,3,None,0,"0,0001"
1,2,71,-1,3,None,0,"0,0001"
1,2,72,-1,3,None,0,"0,0001"
1,2,73,-1,3,None,0,"0,0001"
1,2,74,-1,3,None,0,"0,0001"
1,2,75,-1,3,None,0,"0,0001"
1,2,76,-1,3,None,0,"0,0001"
1,2,77,-1,3,None,0,"0,0001"
1,2,78,-1,3,None,0,"0,0001"
1,2,79,-1,3,None,0,"0,0001"
1,2,80,-1,3,None,0,"0,0001"
1,2,81,-1,3,None,0,"0,0001"
1,2,83,-1,3,None,0,"0,0001"
1,2,84,-1,3,None,0,"0,0001"
1,2,85,-1,3,None,0,"0,0001"
1,2,86,-1,3,None,0,"0,0001"
1,2,87,-1,3,None,0,"0,0001"
1,2,88,-1,3,None,0,"0,0001"
1,2,89,-1,3,None,0,"0,0001"
1,2,90,-1,3,None,0,"0,0001"
1,2,91,-1,3,None,0,"0,0001"
1,2,92,-1,3,None,0,"0,0001"
1,2,93,-1,3,None,0,"0,0001"
1,2,94,-1,3,None,0,"0,0001"
1,2,95,-1,3,None,0,"0,0001"
1,2,96,-1,3,None,0,"0,0001"
1,2,97,-1,3,None,0,"0,0001"
1,2,99,-1,3,None,0,"0,0001"
1,2,100,-1,3,None,0,"0,0001"
1,2,101,-1,3,None,0,"0,0001"
1,2,102,-1,3,None,0,"0,0001"
1,2,103,-1,3,None,0,"0,0001"
1,2,104,-1,3,None,0,"0,0001"
1,2,105,-1,3,None,0,"0,0001"
1,2,106,-1,3,None,0,"0,0001"
1,2,107,-1,3,None,0,"0,0001"
1,2,108,-1,3,None,0,"0,0001"
1,2,109,-1,3,None,0,"0,0001"
1,2,110,-1,3,None,0,"0,0001"
1,2,111,-1,3,None,0,"0,0001"
1,2,112,-1,3,None,0,"0,0001"
1,2,113,-1,3,None,0,"0,0001"
1,2,114,-1,3,None,0,"0,0001"
1,2,115,-1,3,None,0,"0,0001"
1,2,116,-1,3,None,0,"0,0001"
1,2,117,-1,3,None,0,"0,0001"
1,2,119,-1,3,None,0,"0,0001"
1,2,120,-1,3,None,0,"0,0001"
1,2,121,-1,3,None,0,"0,0001"
1,2,122,-1,3,None,0,"0,0001"
1,2,123,-1,3,None,0,"0,0001"
1,2,124,-1,3,None,0,"0,0001"
1,2,125,-1,3,None,0,"0,0001"
1,2,126,-1,3,None,0,"0,0001"
1,2,127,-1,3,None,0,"0,0001"
1,2,128,-1,3,None,0,"0,0001"
1,2,129,-1,3,None,0,"0,0001"
1,2,130,-1,3,None,0,"0,0001"
1,2,131,-1,3,None,0,"0,0001"
1,2,132,-1,3,None,0,"0,0001"
1,2,133,-1,3,None,0,"0,0001"
1,2,134,-1,3,None,0,"0,0001"
1,2,136,-1,3,None,0,"0,0001"
1,2,137,-1,3,None,0,"0,0001"
1,2,138,-1,3,None,0,"0,0001"
1,2,139,-1,3,None,0,"0,0001"
1,2,140,-1,3,None,0,"0,0001"
1,2,141,-1,3,None,0,"0,0001"
1,2,142,-1,3,None,0,"0,0001"
1,2,143,-1,3,None,0,"0,0001"
1,2,144,-1,3,None,0,"0,0001"
1,2,145,-1,3,None,0,"0,0001"
1,2,146,-1,3,None,0,"0,0001"
1,2,147,-1,3,None,0,"0,0001"
1,2,148,-1,3,None,0,"0,0001"
1,2,149,-1,3,None,0,"0,0001"
1,2,150,-1,3,None,0,"0,0001"
1,2,1119,-1,3,None,0,"0,0001"
1,2,1145,-1,3,None,0,"0,0001"
1,2,1146,-1,3,None,0,"0,0001"
1,2,1147,-1,3,None,0,"0,0001"
1,2,1148,-1,3,None,0,"0,0001"
1,2,1149,-1,3,None,0,"0,0001"
1,2,1150,-1,3,None,0,"0,0001"
1,2,1151,-1,3,None,0,"0,0001"
1,2,1152,-1,3,None,0,"0,0001"
1,2,1153,-1,3,None,0,"0,0001"
1,2,1154,-1,3,None,0,"0,0001"
1,2,1155,-1,3,None,0,"0,0001"
1,2,1156,-1,3,None,0,"0,0001"
1,2,1158,-1,3,None,0,"0,0001"
1,2,1159,-1,3,None,0,"0,0001"
1,2,1160,-1,3,None,0,"0,0001"
1,2,1161,-1,3,None,0,"0,0001"
1,2,1162,-1,3,None,0,"0,0001"
1,2,1163,-1,3,None,0,"0,0001"
1,2,1164,-1,3,None,0,"0,0001"
1,2,1165,-1,3,None,0,"0,0001"
1,2,1166,-1,3,None,0,"0,0001"
1,2,1167,-1,3,None,0,"0,0001"
1,2,1168,-1,3,None,0,"0,0001"
1,2,1169,-1,3,None,0,"0,0001"
1,2,1170,-1,3,None,0,"0,0001"
1,2,1171,-1,3,None,0,"0,0001"
1,2,1172,-1,3,None,0,"0,0001"
1,2,1173,-1,3,None,0,"0,0001"
1,2,1174,-1,3,None,0,"0,0001"
1,2,1175,-1,3,None,0,"0,0001"
1,2,1176,-1,3,None,0,"0,0001"
1,2,1177,-1,3,None,0,"0,0001"
1,2,1178,-1,3,None,0,"0,0001"
1,2,1179,-1,3,None,0,"0,0001"
1,2,1180,-1,3,None,0,"0,0001"
1,2,1181,-1,3,None,0,"0,0001"
1,2,1182,-1,3,None,0,"0,0001"
1,2,1183,-1,3,None,0,"0,0001"
1,2,1184,-1,3,None,0,"0,0001"
1,2,1185,-1,3,None,0,"0,0001"
1,2,1186,-1,3,None,0,"0,0001"
1,2,1187,-1,3,None,0,"0,0001"
1,2,1188,-1,3,None,0,"0,0001"
1,2,1189,-1,3,None,0,"0,0001"
1,2,1190,-1,3,None,0,"0,0001"
1,2,1191,-1,3,None,0,"0,0001"
1,2,1192,-1,3,None,0,"0,0001"
1,2,1196,-1,3,None,0,"0,0001"
1,2,1197,-1,3,None,0,"0,0001"
1,2,1201,-1,3,None,0,"0,0001"
1,2,1202,-1,3,None,0,"0,0001"
1,2,1207,-1,3,None,0,"0,0001"
1,2,1208,-1,3,None,0,"0,0001"
1,2,1209,-1,3,None,0,"0,0001"
1,2,1214,-1,3,None,0,"0,0001"
1,2,1215,-1,3,None,0,"0,0001"
1,2,1216,-1,3,None,0,"0,0001"
1,2,1221,-1,3,None,0,"0,0001"
1,2,1222,-1,3,None,0,"0,0001"
1,2,1223,-1,3,None,0,"0,0001"
1,2,1228,-1,3,None,0,"0,0001"
1,2,1229,-1,3,None,0,"0,0001"
1,2,1230,-1,3,None,0,"0,0001"
1,2,1234,-1,3,None,0,"0,0001"
1,2,1235,-1,3,None,0,"0,0001"
1,2,1238,-1,3,None,0,"0,0001"
1,2,1240,-1,3,None,0,"0,0001"
1,3,2,-1,1,None,0,"0,0001"
1,3,3,-1,1,None,0,"0,0001"
1,3,5,-1,1,None,0,"0,0001"
1,3,7,-1,1,None,0,"0,0001"
1,3,9,-1,1,None,0,"0,0001"
1,3,11,-1,1,None,0,"0,0001"
1,3,13,-1,1,None,0,"0,0001"
1,3,14,-1,1,None,0,"0,0001"
1,3,15,-1,1,None,0,"0,0001"
1,3,16,-1,1,None,0,"0,0001"
1,3,17,-1,1,None,0,"0,0001"
1,3,18,-1,1,None,0,"0,0001"
1,3,19,-1,1,None,0,"0,0001"
1,3,20,-1,1,None,0,"0,0001"
1,3,21,-1,1,None,0,"0,0001"
1,3,22,-1,1,None,0,"0,0001"
1,3,23,-1,1,None,0,"0,0001"
1,3,24,-1,1,None,0,"0,0001"
1,3,25,-1,1,None,0,"0,0001"
1,3,26,-1,1,None,0,"0,0001"
1,3,27,-1,1,None,0,"0,0001"
1,3,29,-1,1,None,0,"0,0001"
1,3,30,-1,1,None,0,"0,0001"
1,3,31,-1,1,None,0,"0,0001"
1,3,32,-1,1,None,0,"0,0001"
1,3,33,-1,1,None,0,"0,0001"
1,3,34,-1,1,None,0,"0,0001"
1,3,35,-1,1,None,0,"0,0001"
1,3,36,-1,1,None,0,"0,0001"
1,3,37,-1,1,None,0,"0,0001"
1,3,38,-1,1,None,0,"0,0001"
1,3,39,-1,1,None,0,"0,0001"
1,3,40,-1,1,None,0,"0,0001"
1,3,41,-1,1,None,0,"0,0001"
1,3,42,-1,1,None,0,"0,0001"
1,3,43,-1,1,None,0,"0,0001"
1,3,44,-1,1,None,0,"0,0001"
1,3,45,-1,1,None,0,"0,0001"
1,3,47,-1,1,None,0,"0,0001"
1,3,48,-1,1,None,0,"0,0001"
1,3,49,-1,1,None,0,"0,0001"
1,3,50,-1,1,None,0,"0,0001"
1,3,51,-1,1,None,0,"0,0001"
1,3,52,-1,1,None,0,"0,0001"
1,3,53,-1,1,None,0,"0,0001"
1,3,54,-1,1,None,0,"0,0001"
1,3,55,-1,1,None,0,"0,0001"
1,3,56,-1,1,None,0,"0,0001"
1,3,57,-1,1,None,0,"0,0001"
1,3,58,-1,1,None,0,"0,0001"
1,3,59,-1,1,None,0,"0,0001"
1,3,60,-1,1,None,0,"0,0001"
1,3,61,-1,1,None,0,"0,0001"
1,3,62,-1,1,None,0,"0,0001"
1,3,64,-1,1,None,0,"0,0001"
1,3,65,-1,1,None,0,"0,0001"
1,3,66,-1,1,None,0,"0,0001"
1,3,67,-1,1,None,0,"0,0001"
1,3,68,-1,1,None,0,"0,0001"
1,3,69,-1,1,None,0,"0,0001"
1,3,70,-1,1,None,0,"0,0001"
1,3,71,-1,1,None,0,"0,0001"
1,3,72,-1,1,None,0,"0,0001"
1,3,73,-1,1,None,0,"0,0001"
1,3,74,-1,1,None,0,"0,0001"
1,3,75,-1,1,None,0,"0,0001"
1,3,76,-1,1,None,0,"0,0001"
1,3,77,-1,1,None,0,"0,0001"
1,3,78,-1,1,None,0,"0,0001"
1,3,79,-1,1,None,0,"0,0001"
1,3,80,-1,1,None,0,"0,0001"
1,3,81,-1,1,None,0,"0,0001"
1,3,83,-1,1,None,0,"0,0001"
1,3,84,-1,1,None,0,"0,0001"
1,3,85,-1,1,None,0,"0,0001"
1,3,86,-1,1,None,0,"0,0001"
1,3,87,-1,1,None,0,"0,0001"
1,3,88,-1,1,None,0,"0,0001"
1,3,89,-1,1,None,0,"0,0001"
1,3,90,-1,1,None,0,"0,0001"
1,3,91,-1,1,None,0,"0,0001"
1,3,92,-1,1,None,0,"0,0001"
1,3,93,-1,1,None,0,"0,0001"
1,3,94,-1,1,None,0,"0,0001"
1,3,95,-1,1,None,0,"0,0001"
1,3,96,-1,1,None,0,"0,0001"
1,3,97,-1,1,None,0,"0,0001"
1,3,99,-1,1,None,0,"0,0001"
1,3,100,-1,1,None,0,"0,0001"
1,3,101,-1,1,None,0,"0,0001"
1,3,102,-1,1,None,0,"0,0001"
1,3,103,-1,1,None,0,"0,0001"
1,3,104,-1,1,None,0,"0,0001"
1,3,105,-1,1,None,0,"0,0001"
1,3,106,-1,1,None,0,"0,0001"
1,3,107,-1,1,None,0,"0,0001"
1,3,108,-1,1,None,0,"0,0001"
1,3,109,-1,1,None,0,"0,0001"
1,3,110,-1,1,None,0,"0,0001"
1,3,111,-1,1,None,0,"0,0001"
1,3,112,-1,1,None,0,"0,0001"
1,3,113,-1,1,None,0,"0,0001"
1,3,114,-1,1,None,0,"0,0001"
1,3,115,-1,1,None,0,"0,0001"
1,3,116,-1,1,None,0,"0,0001"
1,3,117,-1,1,None,0,"0,0001"
1,3,119,-1,1,None,0,"0,0001"
1,3,120,-1,1,None,0,"0,0001"
1,3,121,-1,1,None,0,"0,0001"
1,3,122,-1,1,None,0,"0,0001"
1,3,123,-1,1,None,0,"0,0001"
1,3,124,-1,1,None,0,"0,0001"
1,3,125,-1,1,None,0,"0,0001"
1,3,126,-1,1,None,0,"0,0001"
1,3,127,-1,1,None,0,"0,0001"
1,3,128,-1,1,None,0,"0,0001"
1,3,129,-1,1,None,0,"0,0001"
1,3,130,-1,1,None,0,"0,0001"
1,3,131,-1,1,None,0,"0,0001"
1,3,132,-1,1,None,0,"0,0001"
1,3,133,-1,1,None,0,"0,0001"
1,3,134,-1,1,None,0,"0,0001"
1,3,136,-1,1,None,0,"0,0001"
1,3,137,-1,1,None,0,"0,0001"
1,3,138,-1,1,None,0,"0,0001"
1,3,139,-1,1,None,0,"0,0001"
1,3,140,-1,1,None,0,"0,0001"
1,3,141,-1,1,None,0,"0,0001"
1,3,142,-1,1,None,0,"0,0001"
1,3,143,-1,1,None,0,"0,0001"
1,3,144,-1,1,None,0,"0,0001"
1,3,145,-1,1,None,0,"0,0001"
1,3,146,-1,1,None,0,"0,0001"
1,3,147,-1,1,None,0,"0,0001"
1,3,148,-1,1,None,0,"0,0001"
1,3,149,-1,1,None,0,"0,0001"
1,3,150,-1,1,None,0,"0,0001"
1,3,1119,-1,1,None,0,"0,0001"
1,3,1145,-1,1,None,0,"0,0001"
1,3,1146,-1,1,None,0,"0,0001"
1,3,1147,-1,1,None,0,"0,0001"
1,3,1148,-1,1,None,0,"0,0001"
1,3,1149,-1,1,None,0,"0,0001"
1,3,1150,-1,1,None,0,"0,0001"
1,3,1151,-1,1,None,0,"0,0001"
1,3,1152,-1,1,None,0,"0,0001"
1,3,1153,-1,1,None,0,"0,0001"
1,3,1154,-1,1,None,0,"0,0001"
1,3,1155,-1,1,None,0,"0,0001"
1,3,1156,-1,1,None,0,"0,0001"
1,3,1158,-1,1,None,0,"0,0001"
1,3,1159,-1,1,None,0,"0,0001"
1,3,1160,-1,1,None,0,"0,0001"
1,3,1161,-1,1,None,0,"0,0001"
1,3,1162,-1,1,None,0,"0,0001"
1,3,1163,-1,1,None,0,"0,0001"
1,3,1164,-1,1,None,0,"0,0001"
1,3,1165,-1,1,None,0,"0,0001"
1,3,1166,-1,1,None,0,"0,0001"
1,3,1167,-1,1,None,0,"0,0001"
1,3,1168,-1,1,None,0,"0,0001"
1,3,1169,-1,1,None,0,"0,0001"
1,3,1170,-1,1,None,0,"0,0001"
1,3,1171,-1,1,None,0,"0,0001"
1,3,1172,-1,1,None,0,"0,0001"
1,3,1173,-1,1,None,0,"0,0001"
1,3,1174,-1,1,None,0,"0,0001"
1,3,1175,-1,1,None,0,"0,0001"
1,3,1176,-1,1,None,0,"0,0001"
1,3,1177,-1,1,None,0,"0,0001"
1,3,1178,-1,1,None,0,"0,0001"
1,3,1179,-1,1,None,0,"0,0001"
1,3,1180,-1,1,None,0,"0,0001"
1,3,1181,-1,1,None,0,"0,0001"
1,3,1182,-1,1,None,0,"0,0001"
1,3,1183,-1,1,None,0,"0,0001"
1,3,1184,-1,1,None,0,"0,0001"
1,3,1185,-1,1,None,0,"0,0001"
1,3,1186,-1,1,None,0,"0,0001"
1,3,1187,-1,1,None,0,"0,0001"
1,3,1188,-1,1,None,0,"0,0001"
1,3,1189,-1,1,None,0,"0,0001"
1,3,1190,-1,1,None,0,"0,0001"
1,3,1191,-1,1,None,0,"0,0001"
1,3,1192,-1,1,None,0,"0,0001"
1,3,1196,-1,1,None,0,"0,0001"
1,3,1197,-1,1,None,0,"0,0001"
1,3,1201,-1,1,None,0,"0,0001"
1,3,1202,-1,1,None,0,"0,0001"
1,3,1207,-1,1,None,0,"0,0001"
1,3,1208,-1,1,None,0,"0,0001"
1,3,1209,-1,1,None,0,"0,0001"
1,3,1214,-1,1,None,0,"0,0001"
1,3,1215,-1,1,None,0,"0,0001"
1,3,1216,-1,1,None,0,"0,0001"
1,3,1221,-1,1,None,0,"0,0001"
1,3,1222,-1,1,None,0,"0,0001"
1,3,1223,-1,1,None,0,"0,0001"
1,3,1228,-1,1,None,0,"0,0001"
1,3,1229,-1,1,None,0,"0,0001"
1,3,1230,-1,1,None,0,"0,0001"
1,3,1234,-1,1,None,0,"0,0001"
1,3,1235,-1,1,None,0,"0,0001"
1,3,1238,-1,1,None,0,"0,0001"
1,3,1240,-1,1,None,0,"0,0001"
1,3,2,-1,2,None,0,"0,0001"
1,3,3,-1,2,None,0,"0,0001"
1,3,5,-1,2,None,0,"0,0001"
1,3,7,-1,2,None,0,"0,0001"
1,3,9,-1,2,None,0,"0,0001"
1,3,11,-1,2,None,0,"0,0001"
1,3,13,-1,2,None,0,"0,0001"
1,3,14,-1,2,None,0,"0,0001"
1,3,15,-1,2,None,0,"0,0001"
1,3,16,-1,2,None,0,"0,0001"
1,3,17,-1,2,None,0,"0,0001"
1,3,18,-1,2,None,0,"0,0001"
1,3,19,-1,2,None,0,"0,0001"
1,3,20,-1,2,None,0,"0,0001"
1,3,21,-1,2,None,0,"0,0001"
1,3,22,-1,2,None,0,"0,0001"
1,3,23,-1,2,None,0,"0,0001"
1,3,24,-1,2,None,0,"0,0001"
1,3,25,-1,2,None,0,"0,0001"
1,3,26,-1,2,None,0,"0,0001"
1,3,27,-1,2,None,0,"0,0001"
1,3,29,-1,2,None,0,"0,0001"
1,3,30,-1,2,None,0,"0,0001"
1,3,31,-1,2,None,0,"0,0001"
1,3,32,-1,2,None,0,"0,0001"
1,3,33,-1,2,None,0,"0,0001"
1,3,34,-1,2,None,0,"0,0001"
1,3,35,-1,2,None,0,"0,0001"
1,3,36,-1,2,None,0,"0,0001"
1,3,37,-1,2,None,0,"0,0001"
1,3,38,-1,2,None,0,"0,0001"
1,3,39,-1,2,None,0,"0,0001"
1,3,40,-1,2,None,0,"0,0001"
1,3,41,-1,2,None,0,"0,0001"
1,3,42,-1,2,None,0,"0,0001"
1,3,43,-1,2,None,0,"0,0001"
1,3,44,-1,2,None,0,"0,0001"
1,3,45,-1,2,None,0,"0,0001"
1,3,47,-1,2,None,0,"0,0001"
1,3,48,-1,2,None,0,"0,0001"
1,3,49,-1,2,None,0,"0,0001"
1,3,50,-1,2,None,0,"0,0001"
1,3,51,-1,2,None,0,"0,0001"
1,3,52,-1,2,None,0,"0,0001"
1,3,53,-1,2,None,0,"0,0001"
1,3,54,-1,2,None,0,"0,0001"
1,3,55,-1,2,None,0,"0,0001"
1,3,56,-1,2,None,0,"0,0001"
1,3,57,-1,2,None,0,"0,0001"
1,3,58,-1,2,None,0,"0,0001"
1,3,59,-1,2,None,0,"0,0001"
1,3,60,-1,2,None,0,"0,0001"
1,3,61,-1,2,None,0,"0,0001"
1,3,62,-1,2,None,0,"0,0001"
1,3,64,-1,2,None,0,"0,0001"
1,3,65,-1,2,None,0,"0,0001"
1,3,66,-1,2,None,0,"0,0001"
1,3,67,-1,2,None,0,"0,0001"
1,3,68,-1,2,None,0,"0,0001"
1,3,69,-1,2,None,0,"0,0001"
1,3,70,-1,2,None,0,"0,0001"
1,3,71,-1,2,None,0,"0,0001"
1,3,72,-1,2,None,0,"0,0001"
1,3,73,-1,2,None,0,"0,0001"
1,3,74,-1,2,None,0,"0,0001"
1,3,75,-1,2,None,0,"0,0001"
1,3,76,-1,2,None,0,"0,0001"
1,3,77,-1,2,None,0,"0,0001"
1,3,78,-1,2,None,0,"0,0001"
1,3,79,-1,2,None,0,"0,0001"
1,3,80,-1,2,None,0,"0,0001"
1,3,81,-1,2,None,0,"0,0001"
1,3,83,-1,2,None,0,"0,0001"
1,3,84,-1,2,None,0,"0,0001"
1,3,85,-1,2,None,0,"0,0001"
1,3,86,-1,2,None,0,"0,0001"
1,3,87,-1,2,None,0,"0,0001"
1,3,88,-1,2,None,0,"0,0001"
1,3,89,-1,2,None,0,"0,0001"
1,3,90,-1,2,None,0,"0,0001"
1,3,91,-1,2,None,0,"0,0001"
1,3,92,-1,2,None,0,"0,0001"
1,3,93,-1,2,None,0,"0,0001"
1,3,94,-1,2,None,0,"0,0001"
1,3,95,-1,2,None,0,"0,0001"
1,3,96,-1,2,None,0,"0,0001"
1,3,97,-1,2,None,0,"0,0001"
1,3,99,-1,2,None,0,"0,0001"
1,3,100,-1,2,None,0,"0,0001"
1,3,101,-1,2,None,0,"0,0001"
1,3,102,-1,2,None,0,"0,0001"
1,3,103,-1,2,None,0,"0,0001"
1,3,104,-1,2,None,0,"0,0001"
1,3,105,-1,2,None,0,"0,0001"
1,3,106,-1,2,None,0,"0,0001"
1,3,107,-1,2,None,0,"0,0001"
1,3,108,-1,2,None,0,"0,0001"
1,3,109,-1,2,None,0,"0,0001"
1,3,110,-1,2,None,0,"0,0001"
1,3,111,-1,2,None,0,"0,0001"
1,3,112,-1,2,None,0,"0,0001"
1,3,113,-1,2,None,0,"0,0001"
1,3,114,-1,2,None,0,"0,0001"
1,3,115,-1,2,None,0,"0,0001"
1,3,116,-1,2,None,0,"0,0001"
1,3,117,-1,2,None,0,"0,0001"
1,3,119,-1,2,None,0,"0,0001"
1,3,120,-1,2,None,0,"0,0001"
1,3,121,-1,2,None,0,"0,0001"
1,3,122,-1,2,None,0,"0,0001"
1,3,123,-1,2,None,0,"0,0001"
1,3,124,-1,2,None,0,"0,0001"
1,3,125,-1,2,None,0,"0,0001"
1,3,126,-1,2,None,0,"0,0001"
1,3,127,-1,2,None,0,"0,0001"
1,3,128,-1,2,None,0,"0,0001"
1,3,129,-1,2,None,0,"0,0001"
1,3,130,-1,2,None,0,"0,0001"
1,3,131,-1,2,None,0,"0,0001"
1,3,132,-1,2,None,0,"0,0001"
1,3,133,-1,2,None,0,"0,0001"
1,3,134,-1,2,None,0,"0,0001"
1,3,136,-1,2,None,0,"0,0001"
1,3,137,-1,2,None,0,"0,0001"
1,3,138,-1,2,None,0,"0,0001"
1,3,139,-1,2,None,0,"0,0001"
1,3,140,-1,2,None,0,"0,0001"
1,3,141,-1,2,None,0,"0,0001"
1,3,142,-1,2,None,0,"0,0001"
1,3,143,-1,2,None,0,"0,0001"
1,3,144,-1,2,None,0,"0,0001"
1,3,145,-1,2,None,0,"0,0001"
1,3,146,-1,2,None,0,"0,0001"
1,3,147,-1,2,None,0,"0,0001"
1,3,148,-1,2,None,0,"0,0001"
1,3,149,-1,2,None,0,"0,0001"
1,3,150,-1,2,None,0,"0,0001"
1,3,1119,-1,2,None,0,"0,0001"
1,3,1145,-1,2,None,0,"0,0001"
1,3,1146,-1,2,None,0,"0,0001"
1,3,1147,-1,2,None,0,"0,0001"
1,3,1148,-1,2,None,0,"0,0001"
1,3,1149,-1,2,None,0,"0,0001"
1,3,1150,-1,2,None,0,"0,0001"
1,3,1151,-1,2,None,0,"0,0001"
1,3,1152,-1,2,None,0,"0,0001"
1,3,1153,-1,2,None,0,"0,0001"
1,3,1154,-1,2,None,0,"0,0001"
1,3,1155,-1,2,None,0,"0,0001"
1,3,1156,-1,2,None,0,"0,0001"
1,3,1158,-1,2,None,0,"0,0001"
1,3,1159,-1,2,None,0,"0,0001"
1,3,1160,-1,2,None,0,"0,0001"
1,3,1161,-1,2,None,0,"0,0001"
1,3,1162,-1,2,None,0,"0,0001"
1,3,1163,-1,2,None,0,"0,0001"
1,3,1164,-1,2,None,0,"0,0001"
1,3,1165,-1,2,None,0,"0,0001"
1,3,1166,-1,2,None,0,"0,0001"
1,3,1167,-1,2,None,0,"0,0001"
1,3,1168,-1,2,None,0,"0,0001"
1,3,1169,-1,2,None,0,"0,0001"
1,3,1170,-1,2,None,0,"0,0001"
1,3,1171,-1,2,None,0,"0,0001"
1,3,1172,-1,2,None,0,"0,0001"
1,3,1173,-1,2,None,0,"0,0001"
1,3,1174,-1,2,None,0,"0,0001"
1,3,1175,-1,2,None,0,"0,0001"
1,3,1176,-1,2,None,0,"0,0001"
1,3,1177,-1,2,None,0,"0,0001"
1,3,1178,-1,2,None,0,"0,0001"
1,3,1179,-1,2,None,0,"0,0001"
1,3,1180,-1,2,None,0,"0,0001"
1,3,1181,-1,2,None,0,"0,0001"
1,3,1182,-1,2,None,0,"0,0001"
1,3,1183,-1,2,None,0,"0,0001"
1,3,1184,-1,2,None,0,"0,0001"
1,3,1185,-1,2,None,0,"0,0001"
1,3,1186,-1,2,None,0,"0,0001"
1,3,1187,-1,2,None,0,"0,0001"
1,3,1188,-1,2,None,0,"0,0001"
1,3,1189,-1,2,None,0,"0,0001"
1,3,1190,-1,2,None,0,"0,0001"
1,3,1191,-1,2,None,0,"0,0001"
1,3,1192,-1,2,None,0,"0,0001"
1,3,1196,-1,2,None,0,"0,0001"
1,3,1197,-1,2,None,0,"0,0001"
1,3,1201,-1,2,None,0,"0,0001"
1,3,1202,-1,2,None,0,"0,0001"
1,3,1207,-1,2,None,0,"0,0001"
1,3,1208,-1,2,None,0,"0,0001"
1,3,1209,-1,2,None,0,"0,0001"
1,3,1214,-1,2,None,0,"0,0001"
1,3,1215,-1,2,None,0,"0,0001"
1,3,1216,-1,2,None,0,"0,0001"
1,3,1221,-1,2,None,0,"0,0001"
1,3,1222,-1,2,None,0,"0,0001"
1,3,1223,-1,2,None,0,"0,0001"
1,3,1228,-1,2,None,0,"0,0001"
1,3,1229,-1,2,None,0,"0,0001"
1,3,1230,-1,2,None,0,"0,0001"
1,3,1234,-1,2,None,0,"0,0001"
1,3,1235,-1,2,None,0,"0,0001"
1,3,1238,-1,2,None,0,"0,0001"
1,3,1240,-1,2,None,0,"0,0001"
1,3,2,-1,3,None,0,"0,0001"
1,3,3,-1,3,None,0,"0,0001"
1,3,5,-1,3,None,0,"0,0001"
1,3,7,-1,3,None,0,"0,0001"
1,3,9,-1,3,None,0,"0,0001"
1,3,11,-1,3,None,0,"0,0001"
1,3,13,-1,3,None,0,"0,0001"
1,3,14,-1,3,None,0,"0,0001"
1,3,15,-1,3,None,0,"0,0001"
1,3,16,-1,3,None,0,"0,0001"
1,3,17,-1,3,None,0,"0,0001"
1,3,18,-1,3,None,0,"0,0001"
1,3,19,-1,3,None,0,"0,0001"
1,3,20,-1,3,None,0,"0,0001"
1,3,21,-1,3,None,0,"0,0001"
1,3,22,-1,3,None,0,"0,0001"
1,3,23,-1,3,None,0,"0,0001"
1,3,24,-1,3,None,0,"0,0001"
1,3,25,-1,3,None,0,"0,0001"
1,3,26,-1,3,None,0,"0,0001"
1,3,27,-1,3,None,0,"0,0001"
1,3,29,-1,3,None,0,"0,0001"
1,3,30,-1,3,None,0,"0,0001"
1,3,31,-1,3,None,0,"0,0001"
1,3,32,-1,3,None,0,"0,0001"
1,3,33,-1,3,None,0,"0,0001"
1,3,34,-1,3,None,0,"0,0001"
1,3,35,-1,3,None,0,"0,0001"
1,3,36,-1,3,None,0,"0,0001"
1,3,37,-1,3,None,0,"0,0001"
1,3,38,-1,3,None,0,"0,0001"
1,3,39,-1,3,None,0,"0,0001"
1,3,40,-1,3,None,0,"0,0001"
1,3,41,-1,3,None,0,"0,0001"
1,3,42,-1,3,None,0,"0,0001"
1,3,43,-1,3,None,0,"0,0001"
1,3,44,-1,3,None,0,"0,0001"
1,3,45,-1,3,None,0,"0,0001"
1,3,47,-1,3,None,0,"0,0001"
1,3,48,-1,3,None,0,"0,0001"
1,3,49,-1,3,None,0,"0,0001"
1,3,50,-1,3,None,0,"0,0001"
1,3,51,-1,3,None,0,"0,0001"
1,3,52,-1,3,None,0,"0,0001"
1,3,53,-1,3,None,0,"0,0001"
1,3,54,-1,3,None,0,"0,0001"
1,3,55,-1,3,None,0,"0,0001"
1,3,56,-1,3,None,0,"0,0001"
1,3,57,-1,3,None,0,"0,0001"
1,3,58,-1,3,None,0,"0,0001"
1,3,59,-1,3,None,0,"0,0001"
1,3,60,-1,3,None,0,"0,0001"
1,3,61,-1,3,None,0,"0,0001"
1,3,62,-1,3,None,0,"0,0001"
1,3,64,-1,3,None,0,"0,0001"
1,3,65,-1,3,None,0,"0,0001"
1,3,66,-1,3,None,0,"0,0001"
1,3,67,-1,3,None,0,"0,0001"
1,3,68,-1,3,None,0,"0,0001"
1,3,69,-1,3,None,0,"0,0001"
1,3,70,-1,3,None,0,"0,0001"
1,3,71,-1,3,None,0,"0,0001"
1,3,72,-1,3,None,0,"0,0001"
1,3,73,-1,3,None,0,"0,0001"
1,3,74,-1,3,None,0,"0,0001"
1,3,75,-1,3,None,0,"0,0001"
1,3,76,-1,3,None,0,"0,0001"
1,3,77,-1,3,None,0,"0,0001"
1,3,78,-1,3,None,0,"0,0001"
1,3,79,-1,3,None,0,"0,0001"
1,3,80,-1,3,None,0,"0,0001"
1,3,81,-1,3,None,0,"0,0001"
1,3,83,-1,3,None,0,"0,0001"
1,3,84,-1,3,None,0,"0,0001"
1,3,85,-1,3,None,0,"0,0001"
1,3,86,-1,3,None,0,"0,0001"
1,3,87,-1,3,None,0,"0,0001"
1,3,88,-1,3,None,0,"0,0001"
1,3,89,-1,3,None,0,"0,0001"
1,3,90,-1,3,None,0,"0,0001"
1,3,91,-1,3,None,0,"0,0001"
1,3,92,-1,3,None,0,"0,0001"
1,3,93,-1,3,None,0,"0,0001"
1,3,94,-1,3,None,0,"0,0001"
1,3,95,-1,3,None,0,"0,0001"
1,3,96,-1,3,None,0,"0,0001"
1,3,97,-1,3,None,0,"0,0001"
1,3,99,-1,3,None,0,"0,0001"
1,3,100,-1,3,None,0,"0,0001"
1,3,101,-1,3,None,0,"0,0001"
1,3,102,-1,3,None,0,"0,0001"
1,3,103,-1,3,None,0,"0,0001"
1,3,104,-1,3,None,0,"0,0001"
1,3,105,-1,3,None,0,"0,0001"
1,3,106,-1,3,None,0,"0,0001"
1,3,107,-1,3,None,0,"0,0001"
1,3,108,-1,3,None,0,"0,0001"
1,3,109,-1,3,None,0,"0,0001"
1,3,110,-1,3,None,0,"0,0001"
1,3,111,-1,3,None,0,"0,0001"
1,3,112,-1,3,None,0,"0,0001"
1,3,113,-1,3,None,0,"0,0001"
1,3,114,-1,3,None,0,"0,0001"
1,3,115,-1,3,None,0,"0,0001"
1,3,116,-1,3,None,0,"0,0001"
1,3,117,-1,3,None,0,"0,0001"
1,3,119,-1,3,None,0,"0,0001"
1,3,120,-1,3,None,0,"0,0001"
1,3,121,-1,3,None,0,"0,0001"
1,3,122,-1,3,None,0,"0,0001"
1,3,123,-1,3,None,0,"0,0001"
1,3,124,-1,3,None,0,"0,0001"
1,3,125,-1,3,None,0,"0,0001"
1,3,126,-1,3,None,0,"0,0001"
1,3,127,-1,3,None,0,"0,0001"
1,3,128,-1,3,None,0,"0,0001"
1,3,129,-1,3,None,0,"0,0001"
1,3,130,-1,3,None,0,"0,0001"
1,3,131,-1,3,None,0,"0,0001"
1,3,132,-1,3,None,0,"0,0001"
1,3,133,-1,3,None,0,"0,0001"
1,3,134,-1,3,None,0,"0,0001"
1,3,136,-1,3,None,0,"0,0001"
1,3,137,-1,3,None,0,"0,0001"
1,3,138,-1,3,None,0,"0,0001"
1,3,139,-1,3,None,0,"0,0001"
1,3,140,-1,3,None,0,"0,0001"
1,3,141,-1,3,None,0,"0,0001"
1,3,142,-1,3,None,0,"0,0001"
1,3,143,-1,3,None,0,"0,0001"
1,3,144,-1,3,None,0,"0,0001"
1,3,145,-1,3,None,0,"0,0001"
1,3,146,-1,3,None,0,"0,0001"
1,3,147,-1,3,None,0,"0,0001"
1,3,148,-1,3,None,0,"0,0001"
1,3,149,-1,3,None,0,"0,0001"
1,3,150,-1,3,None,0,"0,0001"
1,3,1119,-1,3,None,0,"0,0001"
1,3,1145,-1,3,None,0,"0,0001"
1,3,1146,-1,3,None,0,"0,0001"
1,3,1147,-1,3,None,0,"0,0001"
1,3,1148,-1,3,None,0,"0,0001"
1,3,1149,-1,3,None,0,"0,0001"
1,3,1150,-1,3,None,0,"0,0001"
1,3,1151,-1,3,None,0,"0,0001"
1,3,1152,-1,3,None,0,"0,0001"
1,3,1153,-1,3,None,0,"0,0001"
1,3,1154,-1,3,None,0,"0,0001"
1,3,1155,-1,3,None,0,"0,0001"
1,3,1156,-1,3,None,0,"0,0001"
1,3,1158,-1,3,None,0,"0,0001"
1,3,1159,-1,3,None,0,"0,0001"
1,3,1160,-1,3,None,0,"0,0001"
1,3,1161,-1,3,None,0,"0,0001"
1,3,1162,-1,3,None,0,"0,0001"
1,3,1163,-1,3,None,0,"0,0001"
1,3,1164,-1,3,None,0,"0,0001"
1,3,1165,-1,3,None,0,"0,0001"
1,3,1166,-1,3,None,0,"0,0001"
1,3,1167,-1,3,None,0,"0,0001"
1,3,1168,-1,3,None,0,"0,0001"
1,3,1169,-1,3,None,0,"0,0001"
1,3,1170,-1,3,None,0,"0,0001"
1,3,1171,-1,3,None,0,"0,0001"
1,3,1172,-1,3,None,0,"0,0001"
1,3,1173,-1,3,None,0,"0,0001"
1,3,1174,-1,3,None,0,"0,0001"
1,3,1175,-1,3,None,0,"0,0001"
1,3,1176,-1,3,None,0,"0,0001"
1,3,1177,-1,3,None,0,"0,0001"
1,3,1178,-1,3,None,0,"0,0001"
1,3,1179,-1,3,None,0,"0,0001"
1,3,1180,-1,3,None,0,"0,0001"
1,3,1181,-1,3,None,0,"0,0001"
1,3,1182,-1,3,None,0,"0,0001"
1,3,1183,-1,3,None,0,"0,0001"
1,3,1184,-1,3,None,0,"0,0001"
1,3,1185,-1,3,None,0,"0,0001"
1,3,1186,-1,3,None,0,"0,0001"
1,3,1187,-1,3,None,0,"0,0001"
1,3,1188,-1,3,None,0,"0,0001"
1,3,1189,-1,3,None,0,"0,0001"
1,3,1190,-1,3,None,0,"0,0001"
1,3,1191,-1,3,None,0,"0,0001"
1,3,1192,-1,3,None,0,"0,0001"
1,3,1196,-1,3,None,0,"0,0001"
1,3,1197,-1,3,None,0,"0,0001"
1,3,1201,-1,3,None,0,"0,0001"
1,3,1202,-1,3,None,0,"0,0001"
1,3,1207,-1,3,None,0,"0,0001"
1,3,1208,-1,3,None,0,"0,0001"
1,3,1209,-1,3,None,0,"0,0001"
1,3,1214,-1,3,None,0,"0,0001"
1,3,1215,-1,3,None,0,"0,0001"
1,3,1216,-1,3,None,0,"0,0001"
1,3,1221,-1,3,None,0,"0,0001"
1,3,1222,-1,3,None,0,"0,0001"
1,3,1223,-1,3,None,0,"0,0001"
1,3,1228,-1,3,None,0,"0,0001"
1,3,1229,-1,3,None,0,"0,0001"
1,3,1230,-1,3,None,0,"0,0001"
1,3,1234,-1,3,None,0,"0,0001"
1,3,1235,-1,3,None,0,"0,0001"
1,3,1238,-1,3,None,0,"0,0001"
1,3,1240,-1,3,None,0,"0,0001"
1,4,1,-1,1,None,"139,4295","0,01"
1,4,1,-1,2,None,"139,4295","0,01"
1,4,1,-1,3,None,"139,4295","0,01"
1,5,1,-1,1,None,0,"0,05"
1,5,1,-1,2,None,-120,"0,05"
1,5,1,-1,3,None,120,"0,05"
